PARK_ID,HECTARES,PARK_NAME,PARK_TYPE,,,,,,,,,,,
1,0.2,GRANVILLE MALL,PLAZA,,,,,,,,,,,
2,8.2,ALBRO LAKE PARK,District,,,,,,,,,,,
3,0.27,MARLBOROUGH WOODS PARK,Community,,,,,,,,,,,
4,0.95,HISTORIC PROPERTIES,Regional,,,,,,,,,,,
6,50.71,SIR SANDFORD FLEMING PARK,Regional,,,,,,,,,,,
7,0.68,SCOTT SAUNDERS MEMORIAL PARK,Community,,,,,,,,,,,
9,0.92,BRULE STREET PARK,Community,,,,,,,,,,,
10,1992.6,WESTERN COMMON,Regional,,,,,,,,,,,
11,0.34,CENTENNIAL PARK,Neighbourhood,,,,,,,,,,,
13,2.87,THE BIRCHES PARK,Community,,,,,,,,,,,
14,0.11,ROTARY PARK,Community,,,,,,,,,,,
15,0.79,EARLS ROAD PARK,Neighbourhood,,,,,,,,,,,
16,1.29,DAVIS DRIVE PARK,Community,,,,,,,,,,,
18,1.34,SCHOONER DRIVE PARK,Community,,,,,,,,,,,
20,2.72,UPPER FLINN PARK,Community,,,,,,,,,,,
22,24.5,ADMIRAL COVE PARK,Regional,,,,,,,,,,,
23,1.29,ALDER PIPER PARK,Neighbourhood,,,,,,,,,,,
26,1.64,REGATTA POINT PARK,Community,,,,,,,,,,,
28,0.56,ARNOLD WHITWORTH PARK,Neighbourhood,,,,,,,,,,,
29,0.4,BEAUFORT DRIVE PARK,Neighbourhood,,,,,,,,,,,
30,8.55,BEAZLEY PARK,District,,,,,,,,,,,
31,4.85,RANGE PARK,District,,,,,,,,,,,
32,11.25,BELL LAKE PARK,Community,,,,,,,,,,,
33,59.67,MAINLAND COMMON,Regional,,,,,,,,,,,
34,2.09,HARTLEN PARK,Community,,,,,,,,,,,
36,0.27,BELVEDERE PARK,Neighbourhood,,,,,,,,,,,
40,0.9,PINE BLUFF ISLAND PARK,Neighbourhood,,,,,,,,,,,
41,2.58,SULLIVAN'S POND PARK,Regional,,,,,,,,,,,
50,1.42,CHISHOLM AVENUE PARK,Community,,,,,,,,,,,
51,520.01,SANDY LAKE PARK,Regional,,,,,,,,,,,
55,0.83,LAKE BANOOK REGIONAL PARK,Regional,,,,,,,,,,,
62,0.19,ACORN ROAD PARK,Neighbourhood,,,,,,,,,,,
66,4.81,AFRICVILLE,Regional,,,,,,,,,,,
72,5.29,O'CONNELL DRIVE ELEMENTARY SCHOOL PARK,Community,,,,,,,,,,,
73,2.99,CHRISTOPHER LANE PARK,Neighbourhood,,,,,,,,,,,
81,16.28,SETTLE LAKE PARK,Community,,,,,,,,,,,
83,1.26,SHEPPARDS RUN PARK,Neighbourhood,,,,,,,,,,,
85,0.19,SHAD BAY PARK,Community,,,,,,,,,,,
86,0.47,HUMBER PARK,Community,,,,,,,,,,,
87,1.97,MIDDLE PARK,Community,,,,,,,,,,,
88,27.6,BISSETT LAKE PARK,District,,,,,,,,,,,
89,0.38,ATHOLEA DRIVE PARK,Neighbourhood,,,,,,,,,,,
90,0.26,COW BAY LAKE PARK,Community,,,,,,,,,,,
91,1.87,SHORE ROAD LANDS,Community,,,,,,,,,,,
93,0.21,SHORE ROAD POND LANDS,Community,,,,,,,,,,,
100,1.76,AUBURN JOHN STEWART PARK,Community,,,,,,,,,,,
103,0.39,POPLAR DRIVE PARK,,,,,,,,,,,,
104,23.72,COLE HARBOUR COMMON,Regional,,,,,,,,,,,
106,1.05,COLLINS GROVE PARK,,,,,,,,,,,,
107,1.39,ROBERT DRIVE PARK,Community,,,,,,,,,,,
108,1.53,MORASH PARK,Community,,,,,,,,,,,
109,4.84,OATHILL LAKE PARK,Community,,,,,,,,,,,
112,0.7,MITCHELLS BROOK PARK,Community,,,,,,,,,,,
116,1.11,HENRY FINDLAY PARK,Regional,,,,,,,,,,,
117,1.61,BROOKDALE CRESCENT PARK,Community,,,,,,,,,,,
119,1.77,NORTHBROOK PARK,Community,,,,,,,,,,,
120,0.3,SINNOT HILL PARK,Community,,,,,,,,,,,
122,0.33,SUMMIT HEIGHTS PARK,Neighbourhood,,,,,,,,,,,
123,0.28,GREEN VILLAGE LANE PARK,Neighbourhood,,,,,,,,,,,
124,0.1,LINDEN LEA FROG POND PARK,Neighbourhood,,,,,,,,,,,
127,0.29,ABERDEEN COURT PARK,Neighbourhood,,,,,,,,,,,
129,1.57,SOUTHDALE NORTH WOODSIDE ELEMENTARY SCHOOL PARK,Community,,,,,,,,,,,
131,3.31,WOODSIDE AREA PARK,Regional,,,,,,,,,,,
133,163.8,SHUBIE PARK,Regional,,,,,,,,,,,
134,4.89,OAKFIELD WOODS PARK,Community,,,,,,,,,,,
135,19.3,RUSSELL LAKE PARK,Community,,,,,,,,,,,
137,1.54,LAKECREST DRIVE PARK ,Community,,,,,,,,,,,
139,2.77,JASON MACCULLOUGH MEMORIAL PARK,Community,,,,,,,,,,,
140,0.41,CLEMENT STREET PARK,Neighbourhood,,,,,,,,,,,
143,0.34,GREELY COURT PARK,Neighbourhood,,,,,,,,,,,
150,3.77,PENHORN LAKE PARK,Community,,,,,,,,,,,
151,28.5,MILLWOOD COMMON PARK,District,,,,,,,,,,,
152,2.75,MEADOWBROOK PARK,Community,,,,,,,,,,,
153,0.67,MARJORIE DRIVE PARK,Neighbourhood,,,,,,,,,,,
154,1.69,EDWARD DRILLIO PARK,Community,,,,,,,,,,,
155,14.78,MCINTOSH RUN DISTRICT PARK,District,,,,,,,,,,,
156,0.19,LYNNETT ROAD PARK,Neighbourhood,,,,,,,,,,,
157,0.29,LOCKS ROAD PARK,Neighbourhood,,,,,,,,,,,
158,1.33,LANDRACE CRESCENT PARK,Community,,,,,,,,,,,
159,0.98,WADLOW PARK,Community,,,,,,,,,,,
160,0.96,KEARNEY LAKE BEACH PARK,District,,,,,,,,,,,
161,0.84,JOLLIMORE PARK,Community,,,,,,,,,,,
162,0.08,RAYMOND TAAVEL PARK,Neighbourhood,,,,,,,,,,,
164,0.76,HORSESHOE ISLAND PARK,District,,,,,,,,,,,
165,0.09,HIGH STREET PARK,Neighbourhood,,,,,,,,,,,
166,93.8,HEMLOCK RAVINE PARK,Regional,,,,,,,,,,,
167,1.36,WESTWIND RIDGE PARK,Neighbourhood,,,,,,,,,,,
168,16.39,GRAVES-OAKLEY MEMORIAL PARK,District,,,,,,,,,,,
169,0.73,GRAND PARADE,PLAZA,,,,,,,,,,,
170,0.07,FULLER TERRACE PARK,Neighbourhood,,,,,,,,,,,
171,6.29,FORT NEEDHAM MEMORIAL PARK,Regional,,,,,,,,,,,
172,3.14,DALE BENNETT MEMORIAL PARK,Community,,,,,,,,,,,
173,8.56,MAYBANK PARK,District,,,,,,,,,,,
175,0.31,CHALAMONT DRIVE PARK,Neighbourhood,,,,,,,,,,,
176,0.21,CEDAR CRESCENT PARK,Neighbourhood,,,,,,,,,,,
177,1.76,CAPILANO COMMON PARK,Community,,,,,,,,,,,
178,1.47,BUCKINGHAM COMMON PARK,Community,,,,,,,,,,,
179,2.5,BROWNLOW PARK,District,,,,,,,,,,,
180,0.39,BROMPTON ROAD PARK,Neighbourhood,,,,,,,,,,,
202,0.11,BARENG COURT PARK,Neighbourhood,,,,,,,,,,,
208,6.83,BROOKSIDE JUNIOR HIGH SCHOOL PARK,Community,,,,,,,,,,,
211,4.29,BEAVER BANK MONARCH ELEMENTARY SCHOOL PARK,Community,,,,,,,,,,,
214,1.48,WOODLAWN PARK,Community,,,,,,,,,,,
215,2.01,WINLEY ESTATES PARK,Neighbourhood,,,,,,,,,,,
217,0.69,SUNSET ACRES PARK,Community,,,,,,,,,,,
218,1.04,SPRINGFIELD LAKE ROAD PARK,Community,,,,,,,,,,,
219,1.91,SILVER'S HILL PARK,Community,,,,,,,,,,,
220,2.39,PO2 CRAIG BLAKE MEMORIAL PARK,District,,,,,,,,,,,
260,0.45,OAKMOUNT HOUSE PARK,Neighbourhood,,,,,,,,,,,
272,2.49,EASTERN CONSOLIDATED ELEMENTARY SCHOOL PARK,Community,,,,,,,,,,,
283,2.51,GEORGES P. VANIER JUNIOR HIGH SCHOOL PARK,Community,,,,,,,,,,,
287,4.25,HALIFAX WEST HIGH SCHOOL PARK,Regional,,,,,,,,,,,
304,1.92,JOHN MACNEIL ELEMENTARY SCHOOL PARK,District,,,,,,,,,,,
329,4.4,SACKVILLE HEIGHTS JUNIOR HIGH SCHOOL PARK,Community,,,,,,,,,,,
332,2.13,SAMUEL R. BALCOM COMMUNITY CENTRE PARK,Community,,,,,,,,,,,
339,0.05,SOUTH WOODSIDE ELEMENTARY SCHOOL PARK,Community,,,,,,,,,,,
342,1.82,ST. CATHERINE'S ELEMENTARY SCHOOL PARK,Community,,,,,,,,,,,
344,7.64,GORSEBROOK PARK,District,,,,,,,,,,,
359,1.95,STANLEY PARK,Community,,,,,,,,,,,
360,76.28,POINT PLEASANT PARK,Regional,,,,,,,,,,,
362,3.91,WANDERERS GROUNDS,District,,,,,,,,,,,
363,6.44,PUBLIC GARDENS,Regional,,,,,,,,,,,
367,2.45,NINE MILE DRIVE COMMUNITY PARK,Community,,,,,,,,,,,
379,11.6,DARTMOUTH COMMON,Regional,,,,,,,,,,,
387,2.52,BEECH HILL ROAD PARK,Community,,,,,,,,,,,
388,0.37,DEVONPORT AVENUE PARK,Neighbourhood,,,,,,,,,,,
389,0.5,SALUKI DRIVE PARK,Neighbourhood,,,,,,,,,,,
390,0.69,OLEARY DRIVE PARK,Neighbourhood,,,,,,,,,,,
393,0.37,KELTIC GARDENS PARK,Community,,,,,,,,,,,
395,0.27,NICKIE PARK,Neighbourhood,,,,,,,,,,,
396,0.1,HOLLYOAKE LANE PARK,Neighbourhood,,,,,,,,,,,
398,0.05,MONTAGUE ESTATES PARK,Neighbourhood,,,,,,,,,,,
400,0.12,WATER STREET PARKETTE,Neighbourhood,,,,,,,,,,,
401,11.77,HALIFAX NORTH COMMON,Regional,,,,,,,,,,,
402,0.2,NATHAN GREEN SQUARE,PLAZA,,,,,,,,,,,
403,0.15,CHEBUCTO LANDING,PLAZA,,,,,,,,,,,
404,0.4,SACKVILLE LANDING,PLAZA,,,,,,,,,,,
405,0.03,CHEBUCTO CONNAUGHT PARKETTE,Community,,,,,,,,,,,
409,0.12,GREEN ACRES PARK,Neighbourhood,,,,,,,,,,,
410,1.23,SEAWOOD AVENUE PARK,Neighbourhood,,,,,,,,,,,
411,0.16,FENERTY LANDING,Neighbourhood,,,,,,,,,,,
412,0.28,RUTLEDGE STREET PARK,Neighbourhood,,,,,,,,,,,
413,6.52,WATERSTONE RUN PARK,Community,,,,,,,,,,,
414,0.29,GUY & IRENE TUCKER PARK,Neighbourhood,,,,,,,,,,,
415,0.88,LONG LAKE DRIVE PARK,Neighbourhood,,,,,,,,,,,
416,3.02,EISENHAUER PARK,Community,,,,,,,,,,,
417,1.13,TANTALLON WOODS PARK,Community,,,,,,,,,,,
423,2.84,UPPER MUSQUODOBOIT PARK,Community,,,,,,,,,,,
425,2.29,CARROLLS CORNER COMMUNITY CENTRE PARK,Community,,,,,,,,,,,
426,2.82,SHEET HARBOUR LIONS RECREATION CENTRE PARK,District,,,,,,,,,,,
429,0.63,MEAGHERS GRANT PARK,Community,,,,,,,,,,,
431,3.75,BEAVER BANK KINSAC PARK,District,,,,,,,,,,,
433,2.33,BEECHVILLE LAKESIDE TIMBERLEA RECREATION PARK,District,,,,,,,,,,,
435,6.54,CAPTAIN WILLIAM SPRY CENTRE,District,,,,,,,,,,,
436,1.22,CHOCOLATE LAKE COMMUNITY CENTRE PARK,Community,,,,,,,,,,,
440,4.66,EAST PRESTON PARK,District,,,,,,,,,,,
441,4.22,PEACE PARK,Community,,,,,,,,,,,
442,0.57,FALL RIVER RECREATION CENTRE PARK,Community,,,,,,,,,,,
443,1.43,FINDLAY COMMUNITY CENTRE PARK,Community,,,,,,,,,,,
444,1.84,GEORGE DIXON CENTRE PARK,District,,,,,,,,,,,
451,2.78,DR. GERALD J. LEBRUN MEMORIAL CENTRE PARK,District,,,,,,,,,,,
455,1.05,HARRIETSFIELD COMMUNITY CENTRE PARK,Community,,,,,,,,,,,
456,14.08,HUBBARDS RECREATION CENTRE PARK,District,,,,,,,,,,,
457,2.35,LAKE ECHO COMMUNITY CENTRE PARK,District,,,,,,,,,,,
458,1.36,LAWRENCETOWN COMMUNITY CENTRE PARK,Community,,,,,,,,,,,
462,1.74,NORTH PRESTON COMMUNITY CENTRE PARK,Community,,,,,,,,,,,
463,2.65,NORTH WOODSIDE COMMUNITY CENTRE PARK,Community,,,,,,,,,,,
464,2.47,NORTHCLIFFE RECREATION CENTRE PARK,District,,,,,,,,,,,
465,1.03,PORTERS LAKE COMMUNITY CENTRE PARK,Community,,,,,,,,,,,
468,3.58,SACKVILLE SPORTS STADIUM PARK,District,,,,,,,,,,,
469,2.46,ST. MARY'S BOAT CLUB PARK,District,,,,,,,,,,,
473,15.45,SPRINGFIELD LAKE RECREATION CENTRE PARK,District,,,,,,,,,,,
479,0.32,WALLACE LUCAS COMMUNITY CENTRE PARK,District,,,,,,,,,,,
481,0.09,WELLINGTON FIRE HALL PARK,Community,,,,,,,,,,,
482,3.52,NATHAN SMITH RECREATION CENTRE PARK,Community,,,,,,,,,,,
483,1.65,COLBY VILLAGE RECREATION CENTRE PARK,Community,,,,,,,,,,,
484,28.96,EASTERN PASSAGE COMMON,District,,,,,,,,,,,
485,5.44,DON BAYER PARK,District,,,,,,,,,,,
486,0.22,WITHROD DRIVE PARK,Neighbourhood,,,,,,,,,,,
489,1.17,STONE MOUNT DRIVE PARK,Neighbourhood,,,,,,,,,,,
491,0.82,BEAVERBROOK PARK,Neighbourhood,,,,,,,,,,,
492,0.66,HEAD OF JEDDORE PARK,Community,,,,,,,,,,,
493,5.44,BENNETT PARK,District,,,,,,,,,,,
494,0.94,WERNER PARK,Neighbourhood,,,,,,,,,,,
495,0.1,BRUCE DRIVE PARK,Neighbourhood,,,,,,,,,,,
496,0.08,INGLEWOOD CRESCENT PARK,Neighbourhood,,,,,,,,,,,
497,3.97,FERRY TERMINAL PARK,Regional,,,,,,,,,,,
499,0.02,WENTWORTH STREET PARK,Neighbourhood,,,,,,,,,,,
501,1.92,CRAIGBURN DRIVE PARK,Community,,,,,,,,,,,
502,0.06,MORRIS LAKE PARK,Community,,,,,,,,,,,
503,0.53,LAURA DRIVE PARK,Neighbourhood,,,,,,,,,,,
505,0.23,RAJEEVE PURBA MEMORIAL PARK,Neighbourhood,,,,,,,,,,,
506,0.15,WALKER AVENUE PARK,Neighbourhood,,,,,,,,,,,
507,0.18,BEDFORD VILLAGE PARK,Neighbourhood,,,,,,,,,,,
508,1.64,ADMIRAL HARRY DEWOLF PARK,Community,,,,,,,,,,,
509,0.2,MILLVIEW PARK,Neighbourhood,,,,,,,,,,,
510,0.04,RENFREW STREET PARK,Neighbourhood,,,,,,,,,,,
511,0.39,ROBERTSON PARK,Neighbourhood,,,,,,,,,,,
513,1.41,FARRELL STREET PARK,Community,,,,,,,,,,,
514,0.26,KENNETH WALKER PARK,Neighbourhood,,,,,,,,,,,
515,1.28,CHOCOLATE LAKE PARK,Community,,,,,,,,,,,
516,0.33,HAVILL PARK,Neighbourhood,,,,,,,,,,,
517,8.8,CONNAUGHT BATTERY PARK,Community,,,,,,,,,,,
518,0.16,BEECHVILLE ESTATES PARK,Neighbourhood,,,,,,,,,,,
519,0.28,SEAVIEW COMMUNITY PARK,Community,,,,,,,,,,,
521,0.24,TERENCE BAY PLAYGROUND,Neighbourhood,,,,,,,,,,,
523,1.9,YEADON GREEN PARK,Community,,,,,,,,,,,
525,0.55,WILCOT LANE PARK,Neighbourhood,,,,,,,,,,,
526,0.78,MARY LAWSON PARK,Community,,,,,,,,,,,
530,0.38,HIGH TIMBER DRIVE PARK,Neighbourhood,,,,,,,,,,,
531,0.41,DAUPHINEES POND PARK,Community,,,,,,,,,,,
532,0.15,MUNROE PARK,Neighbourhood,,,,,,,,,,,
534,3.22,LAURIE LIVELY PARK,Community,,,,,,,,,,,
535,0.03,ANDREW COBB PARK,Community,,,,,,,,,,,
536,0.74,VICTORIA PARK,Community,,,,,,,,,,,
537,0.6,BREAKERS DISTRICT PARK,District,,,,,,,,,,,
541,6.2,KINGSWOOD ELEMENTARY SCHOOL PARK,Community,,,,,,,,,,,
571,0.58,RITCEY CRESCENT PARK,Community,,,,,,,,,,,
600,0.75,GORDON J. STEVENS PARK,Community,,,,,,,,,,,
617,0.59,ELDERBANK PARK,Community,,,,,,,,,,,
621,13.4,JOHN GRANT PARK,Community,,,,,,,,,,,
644,0.26,PETPESWICK LAKE PARK,Community,,,,,,,,,,,
649,0.23,CONROD BEACH ROAD PARK,Neighbourhood,,,,,,,,,,,
652,1.45,GRAND DESERT PARK,Community,,,,,,,,,,,
661,3.03,MAYNARD LAKE PARK,Community,,,,,,,,,,,
684,0.6,EMERALD ESTATES PARK,Neighbourhood,,,,,,,,,,,
687,0.17,GREEN MEADOWS PARK,Neighbourhood,,,,,,,,,,,
694,3.2,RED BRIDGE POND PARK,District,,,,,,,,,,,
695,2.98,SCOTSDALE PARK,Community,,,,,,,,,,,
696,0.46,LORIANN DRIVE PARK,Neighbourhood,,,,,,,,,,,
712,0.13,MEADOWVIEW DRIVE PARK,Community,,,,,,,,,,,
724,1.59,AVENUE DU PORTAGE PARK,Community,,,,,,,,,,,
727,2.82,LISA ANN DRIVE PARK,Neighbourhood,,,,,,,,,,,
745,0.43,GREGORY DRIVE PARK,Community,,,,,,,,,,,
746,11.07,MOUNT EDWARD ROAD PARK,Community,,,,,,,,,,,
765,0.74,ROBLEA DRIVE PARK,Neighbourhood,,,,,,,,,,,
774,0.2,SALMON RUN PARK,Neighbourhood,,,,,,,,,,,
778,0.08,BASS COURT PARK,Neighbourhood,,,,,,,,,,,
781,1.02,OCEANIC DRIVE PARK,Neighbourhood,,,,,,,,,,,
795,0.5,DOHERTY DRIVE PARK,Community,,,,,,,,,,,
796,1.84,BASTIAN POINT ROAD PARK,Neighbourhood,,,,,,,,,,,
797,0.38,GEORGE CYRIL DRIVE PARK,Neighbourhood,,,,,,,,,,,
801,1.91,DAVID ALLEN DRIVE PARK,Neighbourhood,,,,,,,,,,,
803,0.38,RUSSELL DRIVE PARK,Neighbourhood,,,,,,,,,,,
810,1.74,KINAP CANOE CLUB,Community,,,,,,,,,,,
813,0.96,EVERGREEN CRESCENT PARK,Neighbourhood,,,,,,,,,,,
815,0.88,SALTWATER LAKE PARK,Neighbourhood,,,,,,,,,,,
816,0.12,MAIN STREET CORNER PARK,Community,,,,,,,,,,,
829,0.15,COMMODORE PARK,Neighbourhood,,,,,,,,,,,
832,0.4,WYNDHOLME PARK,Neighbourhood,,,,,,,,,,,
855,0.18,CALEDONIA ROAD PARK,Community,,,,,,,,,,,
857,0.21,ROLEIKA DRIVE PARK,Neighbourhood,,,,,,,,,,,
893,102.4,ST. MARGARET'S BAY RAIL TO TRAILS PARK,Regional,,,,,,,,,,,
895,0.37,FOX HOLLOW DRIVE PARK,Neighbourhood,,,,,,,,,,,
896,0.97,AUDREY'S PARK,Neighbourhood,,,,,,,,,,,
898,0.07,LIMARDO DRIVE PARK,Neighbourhood,,,,,,,,,,,
901,0.28,STATES LANE PARK,Neighbourhood,,,,,,,,,,,
902,0.65,GRAYSON COURT PARK,Neighbourhood,,,,,,,,,,,
906,2.11,JOHN MARTIN JUNIOR HIGH SCHOOL PARK,Community,,,,,,,,,,,
907,0.2,NORTH DARTMOUTH COMMUNITY GARDEN,Community,,,,,,,,,,,
941,0.63,OWLS NEST ISLAND,Regional,,,,,,,,,,,
942,0.05,BRAEMAR DRIVE PARK,District,,,,,,,,,,,
954,0.51,LAWNSDALE DRIVE PARK,,,,,,,,,,,,
957,0.31,MAPLEWOOD DRIVE PARK,Neighbourhood,,,,,,,,,,,
958,2.46,KIWANIS GRAHAM'S GROVE PARK,District,,,,,,,,,,,
959,4.61,BIRCH COVE PARK,Community,,,,,,,,,,,
967,1.34,OAKWOOD PARK,Regional,,,,,,,,,,,
980,0.02,OAK STREET PARK,Neighbourhood,,,,,,,,,,,
982,3,CAROLYNS WAY PARK,Community,,,,,,,,,,,
996,1.14,STARR PARK,Regional,,,,,,,,,,,
997,0.27,PINE STREET PARK,Neighbourhood,,,,,,,,,,,
1002,0.1,OAKWOOD COURT PARK,Neighbourhood,,,,,,,,,,,
1021,0.52,EAST JEDDORE PARK,Community,,,,,,,,,,,
1035,3.95,COW BAY ROAD PARK,Community,,,,,,,,,,,
1036,0.38,YETTER PARK,Neighbourhood,,,,,,,,,,,
1037,0.72,TRAVIS COURT PARK,Neighbourhood,,,,,,,,,,,
1051,1.2,FLANDRUM HILL ROAD PARK,Neighbourhood,,,,,,,,,,,
1053,0.37,SPRUCE DRIVE PARK,Neighbourhood,,,,,,,,,,,
1061,0.12,UNNAMED PARK 14,Neighbourhood,,,,,,,,,,,
1065,0.1,CATHERINE FURNESS PARK,Neighbourhood,,,,,,,,,,,
1066,0.18,SHORE ROAD PARK,Neighbourhood,,,,,,,,,,,
1067,1.24,PARKEDGE CRESCENT PARK,Neighbourhood,,,,,,,,,,,
1070,0.73,ROSEWOOD LANE PARK,Neighbourhood,,,,,,,,,,,
1081,0.33,SEROP CRESCENT PARK,Neighbourhood,,,,,,,,,,,
1084,4.91,SILVER SANDS BEACH PARK,District,,,,,,,,,,,
1085,1.98,GREEN BAY PARK,Community,,,,,,,,,,,
1086,0.05,JOSEPH HOWE PARK,Community,,,,,,,,,,,
1088,0.1,DEYOUNG DRIVE PARK,Neighbourhood,,,,,,,,,,,
1090,0.23,HARMES DRIVE PARK,Neighbourhood,,,,,,,,,,,
1091,0.75,AUTUMN DRIVE PARK,,,,,,,,,,,,
1104,2.23,HACKETTS COVE PARK,Community,,,,,,,,,,,
1112,6.41,BILLY BOLLONG MEMORIAL PARK,Community,,,,,,,,,,,
1141,1.48,PLEASANT VALLEY PARK,Community,,,,,,,,,,,
1144,3.41,FRENCHMAN LAKE PARK,District,,,,,,,,,,,
1160,0.47,LAKEMIST COURT PARK,Neighbourhood,,,,,,,,,,,
1182,1.39,MORNINGTON COURT PARK,Community,,,,,,,,,,,
1203,0.92,PERRIN DRIVE PARK,District,,,,,,,,,,,
1210,8.79,DARTMOUTH HIGH SCHOOL PARK,Regional,,,,,,,,,,,
1215,0.42,SHIPSIDE LANE PARK,Community,,,,,,,,,,,
1223,0.77,GASTON ROAD PARK,Community,,,,,,,,,,,
1232,0.67,MARTINS PARK,Neighbourhood,,,,,,,,,,,
1238,2.2,LAKE ECHO COMMUNITY PLAY PARK,Community,,,,,,,,,,,
1241,0.28,CHAMBERLAIN DRIVE PARK,Neighbourhood,,,,,,,,,,,
1242,1,AARONS WAY PARK,Neighbourhood,,,,,,,,,,,
1243,0.31,MOSER RIVER PARK,Community,,,,,,,,,,,
1251,0.5,NEWCASTLE STREET PARK,Neighbourhood,,,,,,,,,,,
1261,0.22,CRATHORNE PARK,Neighbourhood,,,,,,,,,,,
1279,7.49,CRANBERRY LAKE PARK,Community,,,,,,,,,,,
1282,0.08,ALPINE DRIVE PARK,Neighbourhood,,,,,,,,,,,
1285,0.48,LANGDON DRIVE PARK,Neighbourhood,,,,,,,,,,,
1292,0.1,CHASWOOD DRIVE PARK,Neighbourhood,,,,,,,,,,,
1296,0.12,EMMA COURT PARK,Neighbourhood,,,,,,,,,,,
1302,2.41,DUTCH SETTLEMENT PARK,Community,,,,,,,,,,,
1305,1.05,COUNTRY LAKE DRIVE PARK,Neighbourhood,,,,,,,,,,,
1314,1.96,EVELYN WOOD PLACE PARK,Community,,,,,,,,,,,
1322,4.62,CHEVIOT HILLS PARK,Community,,,,,,,,,,,
1324,0.34,FEETHAM PARK,Neighbourhood,,,,,,,,,,,
1340,0.06,PETER BUCKLEY DRIVE PARK,Neighbourhood,,,,,,,,,,,
1341,0.02,WALKWAY TO SIR SANDFORD FLEMMING PARK,Neighbourhood,,,,,,,,,,,
1350,0.54,NAVIGATION WAY PARK,Neighbourhood,,,,,,,,,,,
1352,12.28,OLD COACH ROAD TRAIL PARK,Community,,,,,,,,,,,
1360,0.64,WHIMSICAL LAKE PARK,Neighbourhood,,,,,,,,,,,
1369,19.35,RAVENSCRAIG DRIVE PARK,District,,,,,,,,,,,
1406,0.83,PARTRIDGE NEST DRIVE PARK,Neighbourhood,,,,,,,,,,,
1407,0.49,ROACHES POND PARK,Community,,,,,,,,,,,
1409,0.39,KILLARNEY CRESCENT PARK,Neighbourhood,,,,,,,,,,,
1410,2.75,MICHELLE DRIVE PARK,Neighbourhood,,,,,,,,,,,
1416,0.15,SALMON RIVER DRIVE PARK,Neighbourhood,,,,,,,,,,,
1417,0.42,DEERMIST DRIVE PARK,Neighbourhood,,,,,,,,,,,
1423,0.2,BLUEROCK ROAD PARK,Community,,,,,,,,,,,
1425,0.68,SANDY LANE PARK,Neighbourhood,,,,,,,,,,,
1438,1.26,DEADMAN'S ISLAND PARK,Regional,,,,,,,,,,,
1454,0.67,NORDIC CRESCENT PARK,Neighbourhood,,,,,,,,,,,
1466,0.29,TIMBERLEA VILLAGE PARK,Community,,,,,,,,,,,
1468,0.55,GOVERNORS GLEN PARK,Community,,,,,,,,,,,
1469,7.81,HORSESHOE LAKE PARK,Community,,,,,,,,,,,
1473,0.11,NORTH GREEN ROAD PARK,Neighbourhood,,,,,,,,,,,
1475,0.1,PARKDALE PARK,Neighbourhood,,,,,,,,,,,
1492,1.46,MEADOWBROOK DRIVE PARK,Neighbourhood,,,,,,,,,,,
1498,3.12,CLARENCE COURT PARK,Community,,,,,,,,,,,
1515,0.02,BIRCHWOOD PARK,Neighbourhood,,,,,,,,,,,
1516,3.29,CHAIN LAKE PARK,Community,,,,,,,,,,,
1526,4.51,HAIL POND PARK,Community,,,,,,,,,,,
1542,0.22,LEO LANIGAN PARK,Neighbourhood,,,,,,,,,,,
1553,4.17,J. ALBERT WALKER PARK,Community,,,,,,,,,,,
1554,0.59,STANLEY I. RAINE PARK,Neighbourhood,,,,,,,,,,,
1557,0.07,CATHERINE MACLEAN SULLIVAN PARK,Community,,,,,,,,,,,
1559,2.71,CONNROSE PARK,Community,,,,,,,,,,,
1569,5.28,HALIFAX CENTRAL COMMON,Regional,,,,,,,,,,,
1589,0.47,MURRAY WARRINGTON PARK,Neighbourhood,,,,,,,,,,,
1605,0.53,ARDMORE PARK,Neighbourhood,,,,,,,,,,,
1620,0.17,TENON DRIVE PARK,Neighbourhood,,,,,,,,,,,
1621,1.7,JACKLADDER PARK,Community,,,,,,,,,,,
1624,0.4,LOU GODDARD MEMORIAL PARK,Community,,,,,,,,,,,
1628,0.56,ISLEVILLE PARK,Community,,,,,,,,,,,
1636,0.14,HYDROSTONE PARK,Neighbourhood,,,,,,,,,,,
1638,0.06,BILBY STREET PARK,Neighbourhood,,,,,,,,,,,
1643,0.47,MEMORIAL DRIVE TRAIL,Community,,,,,,,,,,,
1662,0.29,COGSWELL PARK,Neighbourhood,,,,,,,,,,,
1663,0.43,CHEBUCTO ROAD PARK,Neighbourhood,,,,,,,,,,,
1665,0.09,NICK MEAGHER PARK,Community,,,,,,,,,,,
1667,0.07,FOSTER PARK,Community,,,,,,,,,,,
1691,2.48,SAUNDERS PARK,Neighbourhood,,,,,,,,,,,
1693,1.12,LARRY O'CONNELL PARK,Community,,,,,,,,,,,
1719,0.89,VICTORIA PARK,District,,,,,,,,,,,
1862,0.09,MONT BLANC TERRACE PARK,Neighbourhood,,,,,,,,,,,
1863,0.13,GLEBE STREET PARKETTE,Neighbourhood,,,,,,,,,,,
1864,3.09,MERV SULLIVAN PARK,Community,,,,,,,,,,,
1885,0.05,DEVONSHIRE/BARRINGTON PARKETTE,Community,,,,,,,,,,,
1889,15.59,BELCHERS MARSH PARK,District,,,,,,,,,,,
1890,0.58,MONTGOMERY COURT PARK,Neighbourhood,,,,,,,,,,,
1899,2.08,TURNMILL DRIVE PARK,Neighbourhood,,,,,,,,,,,
1905,0.63,RADCLIFFE DRIVE PARK,Community,,,,,,,,,,,
1923,1.93,STRATFORD WAY PARK AND GARDENS,Neighbourhood,,,,,,,,,,,
1942,0.9,TITUS SMITH PARK,Neighbourhood,,,,,,,,,,,
1943,0.8,PLATEAU CRESCENT PARK,Neighbourhood,,,,,,,,,,,
1944,2.01,GLENFOREST PARK,Neighbourhood,,,,,,,,,,,
1945,0.39,RANDALL AVENUE PARK,Neighbourhood,,,,,,,,,,,
1949,0.06,SYBYL COURT PARK,Neighbourhood,,,,,,,,,,,
1950,0.74,WILLETT STREET PARK,Neighbourhood,,,,,,,,,,,
1956,2.46,W. D. PIERCEY PARK,District,,,,,,,,,,,
1962,1.93,WEDGEWOOD PARK,Neighbourhood,,,,,,,,,,,
1969,4.16,GLENBOURNE PARK,Community,,,,,,,,,,,
1971,0.7,ROCKINGHAM RIDGE PARK,Neighbourhood,,,,,,,,,,,
1976,0.8,REMINGTON COURT PARK,Neighbourhood,,,,,,,,,,,
1988,0.36,CHELTON WOODS PARK,Neighbourhood,,,,,,,,,,,
1995,0.65,FISH HATCHERY PARK,Community,,,,,,,,,,,
2001,1.11,SCOTT MANOR HOUSE,District,,,,,,,,,,,
2004,0.23,DARTMOUTH ROAD PARK,Community,,,,,,,,,,,
2013,1.57,GOLF LINKS PARK,Neighbourhood,,,,,,,,,,,
2038,0.4,PICNIC COVE PARK,Community,,,,,,,,,,,
2039,0.19,LONG COVE PARK,Neighbourhood,,,,,,,,,,,
2050,0.09,BILL DOMPIERRE MEMORIAL PARK,Neighbourhood,,,,,,,,,,,
2071,0.26,TEACHERY PARK,Community,,,,,,,,,,,
2090,1.27,BEDFORD LIONS PARK,District,,,,,,,,,,,
2108,1.04,SOLUTIONS DRIVE PARK,Neighbourhood,,,,,,,,,,,
2112,0.09,MANDAVILLE COURT PARK,Neighbourhood,,,,,,,,,,,
2133,0.22,ARMSTRONG COURT PARK,Neighbourhood,,,,,,,,,,,
2135,0.65,CASTLE HILL PARK,Neighbourhood,,,,,,,,,,,
2152,9.21,TREMONT PLATEAU PARK,District,,,,,,,,,,,
2162,1.1,D. J. BUTLER PARK,Community,,,,,,,,,,,
2165,2.52,SHEFFIELD PARK,Community,,,,,,,,,,,
2174,0.27,LINCOLN CROSS PARK,Neighbourhood,,,,,,,,,,,
2179,1.33,MOIRS MILL PARK,District,,,,,,,,,,,
2185,0.09,PAPER MILL LANE PARK,Community,,,,,,,,,,,
2189,0.13,SALMON RIVER TERRACE PARK,Community,,,,,,,,,,,
2209,0.49,AMIN STREET PARK,Neighbourhood,,,,,,,,,,,
2211,1.24,AHMADI CRESCENT PARK,Neighbourhood,,,,,,,,,,,
2216,10.97,STARBOARD DRIVE PARK,Community,,,,,,,,,,,
2224,2.8,LAKEVIEW PARK,Community,,,,,,,,,,,
2233,1.38,NICHOLAS MEAGHERS PARK,Neighbourhood,,,,,,,,,,,
2251,0.21,ALDER CRESCENT PARK,Neighbourhood,,,,,,,,,,,
2281,0.73,SLEEPY PARK,Neighbourhood,,,,,,,,,,,
2294,1,FUN PARK,Neighbourhood,,,,,,,,,,,
2303,0.2,CHAPAIS DRIVE PARK,Neighbourhood,,,,,,,,,,,
2313,0.11,LEGACY COURT PARK,Neighbourhood,,,,,,,,,,,
2317,0.19,WINDWOOD DRIVE PARK,Neighbourhood,,,,,,,,,,,
2323,0.17,WYNN CASTLE DRIVE PARK,Neighbourhood,,,,,,,,,,,
2324,1.08,MEADOWLANDS PARK,Neighbourhood,,,,,,,,,,,
2329,1.33,LEASIDE COMMUNITY PARK,Community,,,,,,,,,,,
2332,2.88,WILLIAM HENRY HARRY LITTLE PARK,Community,,,,,,,,,,,
2336,15.38,SACKVILLE RIVER LINEAR PARK,District,,,,,,,,,,,
2340,1.46,HONEYSUCKLE ROAD PARK,Neighbourhood,,,,,,,,,,,
2342,1.82,CHANI DRIVE PARK,Neighbourhood,,,,,,,,,,,
2384,3.66,VISCOUNT RUN PARK,Community,,,,,,,,,,,
2391,0.53,PIERRE GINGRAS MEMORIAL PARK,Neighbourhood,,,,,,,,,,,
2393,1.87,KINSMEN PARK,Community,,,,,,,,,,,
2400,19.34,FIRST LAKE REGIONAL PARK,Regional,,,,,,,,,,,
2424,2.36,CAUDLE PARK ELEMENTARY SCHOOL PARK,Community,,,,,,,,,,,
2425,0.33,JUDY ANNE COURT PARK,Neighbourhood,,,,,,,,,,,
2428,1.87,GLENDALE DRIVE PARK,Community,,,,,,,,,,,
2432,1.23,CORRECTIONAL CENTRE PARK,District,,,,,,,,,,,
2448,1.02,MCCABE BROOK PARK,Community,,,,,,,,,,,
2451,0.16,POCKWOCK ROAD PARK,Community,,,,,,,,,,,
2452,1.3,TATTENHAM CRESCENT PARK,Neighbourhood,,,,,,,,,,,
2454,2.55,TOMAHAWK RUN PARK,Community,,,,,,,,,,,
2458,1,HAVERSTOCK DRIVE PARK,Community,,,,,,,,,,,
2459,0.86,CARMEL CRESCENT PARK,Neighbourhood,,,,,,,,,,,
2499,0.23,NEWCOMBE DRIVE PARK,Neighbourhood,,,,,,,,,,,
2519,1.72,TIMBERLANE TERRACE PARK,Neighbourhood,,,,,,,,,,,
2524,0.76,HALLOW PARK,Neighbourhood,,,,,,,,,,,
2525,9.61,WINSLOW DRIVE PARK,Community,,,,,,,,,,,
2526,4.97,ST. MARGARET'S BAY CENTRE,District,,,,,,,,,,,
2528,0.99,LISLE LAKE COURT PARK,Community,,,,,,,,,,,
2533,3.08,MACLENNAN DRIVE PARK,Community,,,,,,,,,,,
2545,3.15,METROPOLITAN AVENUE PARK,District,,,,,,,,,,,
2561,4.01,GORDON R. SNOW COMMUNITY CENTRE PARK,District,,,,,,,,,,,
2562,4.15,MELTZER COMMON PARK,Community,,,,,,,,,,,
2564,2.19,RICHARDSON DRIVE PARK,Community,,,,,,,,,,,
2570,1.37,RYAN ROSEN PARK,Community,,,,,,,,,,,
2572,0.21,RAENA JUNE PERRY MEMORIAL PARK,Neighbourhood,,,,,,,,,,,
2580,18.41,WEIR PARK,District,,,,,,,,,,,
2609,3.06,PERRY LAKE PARK,Community,,,,,,,,,,,
2613,0.13,NOTTINGHAM LANE PARK,Neighbourhood,,,,,,,,,,,
2616,2.91,CANTERBURY LANE PARK,Neighbourhood,,,,,,,,,,,
2625,0.44,WAVERLEY ON THE GREEN PARK,Community,,,,,,,,,,,
2633,0.18,RIDGE AVENUE PARK,Neighbourhood,,,,,,,,,,,
2640,0.36,BARRETT LAKE PARK,Community,,,,,,,,,,,
2644,1.78,JOAN DRIVE PARK,Neighbourhood,,,,,,,,,,,
2647,0.17,MAJESTIC AVENUE PARK,Community,,,,,,,,,,,
2649,3.29,MONARCH RIVENDALE PARK,Community,,,,,,,,,,,
2652,1.52,TAYLOR DRIVE PARK,Neighbourhood,,,,,,,,,,,
2654,4.61,DUCK LAKE BROOK GREENWAY PARK,Neighbourhood,,,,,,,,,,,
2656,3.18,WINDGATE DRIVE PARK,Community,,,,,,,,,,,
2658,2.14,TURTLE MARSH PARK,Neighbourhood,,,,,,,,,,,
2660,0.45,STONEYRIDGE LANE PARK,Neighbourhood,,,,,,,,,,,
2662,0.93,STAGE ROAD PARK,Neighbourhood,,,,,,,,,,,
2665,2.83,BROOKHILL DRIVE PARK 2,Community,,,,,,,,,,,
2666,0.42,BROOKHILL DRIVE PARK 1,Community,,,,,,,,,,,
2667,4.49,BROOKHILL DRIVE PARK 3,Community,,,,,,,,,,,
2671,0.58,CHURCH STREET PARK,Neighbourhood,,,,,,,,,,,
2672,1.38,GRAND LAKE DRIVE PARK,Neighbourhood,,,,,,,,,,,
2674,0.41,CAMERON PARK,Neighbourhood,,,,,,,,,,,
2679,0.15,THOMPSON DRIVE PARK,Neighbourhood,,,,,,,,,,,
2694,6.72,TREVOR AVENUE PARK,Community,,,,,,,,,,,
2722,0.4,DELANEY DRIVE PARK,Neighbourhood,,,,,,,,,,,
2723,0.86,SANDY LAKE ROAD PARK,Neighbourhood,,,,,,,,,,,
2724,3.81,LIZARD LAKE PARK,Neighbourhood,,,,,,,,,,,
2727,0.1,UNNAMED PARK 6,Neighbourhood,,,,,,,,,,,
2728,0.3,DOLOMITE COURT PARK,Neighbourhood,,,,,,,,,,,
2729,13.12,CONFEDERATION AVENUE PARK,Community,,,,,,,,,,,
2731,1.73,ST. ANDREW'S PARK,Community,,,,,,,,,,,
2736,0.42,TWINING DRIVE PARK,Neighbourhood,,,,,,,,,,,
2738,1.22,TAMARACK HILLS PARK,Neighbourhood,,,,,,,,,,,
2747,1.75,UPLANDS PARK,Community,,,,,,,,,,,
2748,0.25,SUNNYVIEW TERRACE PARK,Neighbourhood,,,,,,,,,,,
2750,0.33,LAKEVIEW TERRACE PARK,Community,,,,,,,,,,,
2751,2.02,KINGSWOOD DRIVE PARK,Neighbourhood,,,,,,,,,,,
2752,2.73,VOYAGEUR WAY PARK,Community,,,,,,,,,,,
2753,0.38,THOMPSONS POND PARK,Community,,,,,,,,,,,
2759,1.52,BLUE FOREST LANE PARK,Neighbourhood,,,,,,,,,,,
2761,0.52,SYLVANIA TERRACE PARK,Community,,,,,,,,,,,
2768,0.61,GREENHILL ROAD PARK,Neighbourhood,,,,,,,,,,,
2781,3.58,SPRYFIELD LIONS CLUB ARENA,District,,,,,,,,,,,
2782,0.21,SPENCER HOUSE PARK,Community,,,,,,,,,,,
2810,0.5,NADINE DRIVE PARK,Neighbourhood,,,,,,,,,,,
2835,0.26,SCHMIDT LAKE PARK,Community,,,,,,,,,,,
2837,6.71,BLUE MOUNTAIN DRIVE PARK,Community,,,,,,,,,,,
2838,2.32,HIGHLAND PARK,Community,,,,,,,,,,,
2845,0.64,RISING SUN TRAIL PARK,Neighbourhood,,,,,,,,,,,
2854,5.5,LAKESHORE DRIVE PARK,Community,,,,,,,,,,,
2855,1.87,BRISTOL AVENUE PARK,Neighbourhood,,,,,,,,,,,
2858,12.53,WEST KINGSWOOD PARK,Community,,,,,,,,,,,
2860,1.26,FLAT LAKE PARK,Community,,,,,,,,,,,
2862,0.59,SEABRIGHT PARK,Neighbourhood,,,,,,,,,,,
2873,0.32,PORTUGUESE COVE PARK,Community,,,,,,,,,,,
2875,48.02,HARRIETSFIELD SAMBRO VOLUNTEER FIRE STATION LANDS,Community,,,,,,,,,,,
2892,0.21,OLDHAM ROAD PARK,Neighbourhood,,,,,,,,,,,
2904,0.48,LEEWARD AVENUE PARK,Community,,,,,,,,,,,
2906,1.78,LEWIS LAKE TERRACE PARK,Community,,,,,,,,,,,
2910,0.12,LAUNCH PARK,Community,,,,,,,,,,,
2913,0.77,SHERWOOD PARK,Neighbourhood,,,,,,,,,,,
2917,4.58,HALIBURTON PARK,Community,,,,,,,,,,,
2920,3.92,COYOTE PARK,Community,,,,,,,,,,,
2921,0.68,COLLINS ROAD PARK,Neighbourhood,,,,,,,,,,,
2930,0.77,EAST DOVER VILLAGE GREEN PARK,Community,,,,,,,,,,,
2938,0.39,MCDONALD LAKE PARK,Community,,,,,,,,,,,
2939,2.37,PROSPECT ROAD ELEMENTARY SCHOOL PARK,Community,,,,,,,,,,,
2952,0.14,BROOKVIEW DRIVE PARK,Community,,,,,,,,,,,
2965,37.2,DEEPRUN DRIVE PARK,Community,,,,,,,,,,,
2978,1.14,BINGHAM DRIVE PARK,Neighbourhood,,,,,,,,,,,
2980,0.4,ELBOW LAKE PARK,Neighbourhood,,,,,,,,,,,
2987,3.76,ABBEY ROAD PARK,Community,,,,,,,,,,,
3000,1.03,JABARU LANE PARK,Neighbourhood,,,,,,,,,,,
3001,0.55,BLUFF TRAIL PARK,District,,,,,,,,,,,
3048,2.25,HALIFAX CHRISTIAN ACADEMY,Community,,,,,,,,,,,
3054,5.89,BEECHVILLE LAKESIDE TIMBERLEA SCHOOL PARK,Community,,,,,,,,,,,
3056,0.35,SKORA PARK,Regional,,,,,,,,,,,
3057,1.18,MAHAR DRIVE PARK,Neighbourhood,,,,,,,,,,,
3058,0.17,PROSPECT BAY VIEW PARK,Community,,,,,,,,,,,
3060,2.74,ATLANTIC MEMORIAL ELEMENTARY SCHOOL PARK,Community,,,,,,,,,,,
3064,0.26,BRENNANS ROAD PARK,Community,,,,,,,,,,,
3065,2.22,HAGES LANE PARK,Community,,,,,,,,,,,
3068,0.87,TERENCE BAY RIVER PARK,District,,,,,,,,,,,
3072,0.64,HIGH HEAD TRAIL PARK,District,,,,,,,,,,,
3073,0.12,COVE ROAD PARK,Neighbourhood,,,,,,,,,,,
3074,0.14,PROSPECT BAY ROAD PARK,District,,,,,,,,,,,
3076,0.56,DEMERS ROAD PARK,Community,,,,,,,,,,,
3079,0.07,RAT ISLAND VIEW PARK,District,,,,,,,,,,,
3086,2.25,WESTRIDGE ROAD PARK,Community,,,,,,,,,,,
3087,2.47,CAMPBELL POINT PARK,District,,,,,,,,,,,
3091,5.58,GLENGARRY ESTATES PARK,Community,,,,,,,,,,,
3094,0.04,SILVER MAPLE DRIVE PARK,Community,,,,,,,,,,,
3098,1.36,GREENWOOD HEIGHTS PARK,Community,,,,,,,,,,,
3108,1.18,RUN LAKE PARK,Community,,,,,,,,,,,
3111,0.64,LOVERS COVE PARK,Neighbourhood,,,,,,,,,,,
3112,1.96,WENDY'S MEADOW PARK,Neighbourhood,,,,,,,,,,,
3114,0.62,SARAH INGRAHAM DRIVE PARK,Neighbourhood,,,,,,,,,,,
3119,0.83,LEE MURPHY CRESCENT PARK,Neighbourhood,,,,,,,,,,,
3122,0.74,ACRES ROAD PARK,Neighbourhood,,,,,,,,,,,
3147,0.16,RIVERVIEW DRIVE PARK,District,,,,,,,,,,,
3165,2.17,UNNAMED PARK 15,Neighbourhood,,,,,,,,,,,
3169,0.17,ELGIN STREET PARK,Neighbourhood,,,,,,,,,,,
3209,0.13,LOWER PROSPECT ROAD PARK,Neighbourhood,,,,,,,,,,,
3217,2.12,BIRCH BEAR RUN PARK,Neighbourhood,,,,,,,,,,,
3222,0.3,SHELDRAKE LAKE PARK,Neighbourhood,,,,,,,,,,,
3223,0.12,UNNAMED PARK 18,,,,,,,,,,,,
3224,4.03,KIDSTON LAKE PARK,District,,,,,,,,,,,
3234,16.95,WILLIAMSWOOD RECREATION PARK,Community,,,,,,,,,,,
3239,6.03,UNNAMED PARK 5,Community,,,,,,,,,,,
3240,2.66,WENDYBROOK DRIVE PARK,Neighbourhood,,,,,,,,,,,
3242,0.06,OMEGA COURT PARK,Neighbourhood,,,,,,,,,,,
3243,1.3,LAKE OF THE WOODS PARK,Community,,,,,,,,,,,
3244,0.51,FIVE ISLAND LAKE PARK,Community,,,,,,,,,,,
3245,3.27,BIG HUBLEY LAKE ROAD PARK,Community,,,,,,,,,,,
3249,0.2,GLEN HAVEN COMMUNITY CENTRE PARK,Community,,,,,,,,,,,
3260,0.71,FIRST POND DRIVE PARK,Neighbourhood,,,,,,,,,,,
3267,0.33,HEAD OF ST MARGARETS BAY VIEW PARK,Community,,,,,,,,,,,
3269,1.33,R. S. ALLEN MEMORIAL PARK,Community,,,,,,,,,,,
3272,0.34,ALLEN HEIGHTS PARK,Community,,,,,,,,,,,
3273,0.18,TIDEWATER LANE PARK,Community,,,,,,,,,,,
3280,0.38,GLENWOOD DRIVE  PARK,Community,,,,,,,,,,,
3282,0.2,UNNAMED PARK 17,Community,,,,,,,,,,,
3283,0.85,PARKLEA DRIVE PARK,Community,,,,,,,,,,,
3284,0.11,UNNAMED PARK 11,Community,,,,,,,,,,,
3287,1.25,TONI AVENUE PARK,Community,,,,,,,,,,,
3303,0.49,WILSON LAKE DRIVE PARK,Neighbourhood,,,,,,,,,,,
3305,0.36,LARRIGAN DRIVE PARK,Community,,,,,,,,,,,
3327,2.27,WILLARD CHRISTIE MEMORIAL PARK,Community,,,,,,,,,,,
3329,0.37,MASONS POINT PARK,Neighbourhood,,,,,,,,,,,
3331,2.4,BAY LOOK OFF PARK,District,,,,,,,,,,,
3343,0.86,SANDWICK DRIVE PARK,Community,,,,,,,,,,,
3348,11.86,WHITE HILLS PARK,Community,,,,,,,,,,,
3349,0.61,WESTPOINT DRIVE PARK,Community,,,,,,,,,,,
3350,0.5,MILLSTONE COURT PARK,Neighbourhood,,,,,,,,,,,
3369,2.75,LINDFOREST PARK,Community,,,,,,,,,,,
3377,0.97,ARMCREST PARK,Neighbourhood,,,,,,,,,,,
3389,4.99,UNNAMED PARK 16,Community,,,,,,,,,,,
3394,1.29,BEAVER LAKE PARK,Community,,,,,,,,,,,
3395,0.96,JADRY COURT PARK,Neighbourhood,,,,,,,,,,,
3396,2.14,QUINTIN SILAS PATTERSON MEMORIAL PARK,Community,,,,,,,,,,,
3399,0.41,HALFWAY LAKE PARK,Community,,,,,,,,,,,
3400,0.52,SALTY DIPS PARK,Neighbourhood,,,,,,,,,,,
3402,1.26,MICMAC DRIVE PARK,Community,,,,,,,,,,,
3404,1.33,GLEN ARBOUR WAY PARK,Community,,,,,,,,,,,
3405,0.07,BALCOM PARK,Community,,,,,,,,,,,
3410,2.08,TRANSOM DRIVE PARK,Neighbourhood,,,,,,,,,,,
3422,16.83,WEST DOVER PARK,Community,,,,,,,,,,,
3478,24.49,CYRIL SMITH PARK,Community,,,,,,,,,,,
3482,26.58,DARTMOUTH HARBOUR EAST RECREATION CAMPUS,District,,,,,,,,,,,
3484,1.4,FOREST HILLS GREENWAY PARK,Community,,,,,,,,,,,
3486,0.37,ORKNEY DRIVE PARK,Neighbourhood,,,,,,,,,,,
3488,0.8,CORNWALLIS PARK,Community,,,,,,,,,,,
3489,0.51,HOWE STREET PARK,Community,,,,,,,,,,,
3490,0.12,HEBB PARK,Community,,,,,,,,,,,
3492,0.19,RIDGEVALE DRIVE PARK 1,Community,,,,,,,,,,,
3495,2.03,CUNARD JUNIOR HIGH SCHOOL PARK,District,,,,,,,,,,,
3496,0.43,SPRINGFIELD LAKE BEACH PARK,District,,,,,,,,,,,
3497,1.08,WESTWOOD PARK,Community,,,,,,,,,,,
3499,0.08,MERIDIAN COURT PARK,Community,,,,,,,,,,,
3500,0.09,ABERDEEN COURT PARK,Community,,,,,,,,,,,
3501,3.95,CARL MORASH MEMORIAL PARK,District,,,,,,,,,,,
3502,52.31,MACDONALD SPORTS PARK,District,,,,,,,,,,,
3587,7.36,ECOLE DU CARREFOUR PARK,Community,,,,,,,,,,,
3588,5.22,ECOLE BOIS-JOLI PARK,Community,,,,,,,,,,,
3589,0.33,COOKS BROOK PARK,Community,,,,,,,,,,,
3591,3.74,ECOLE BEAUBASSIN PARK,Community,,,,,,,,,,,
3594,2.77,IRA SETTLE PARK,Community,,,,,,,,,,,
3595,0.25,BELMONT AVENUE PARK,Neighbourhood,,,,,,,,,,,
3598,4.2,DARTMOUTH SOUTH ACADEMY PARK,Community,,,,,,,,,,,
3600,0.16,BAYERS ROAD WINDSOR STREET PARK,Community,,,,,,,,,,,
3601,0.07,SHREWSBURY ROAD PARK,Neighbourhood,,,,,,,,,,,
3602,0.16,SHERWOOD STREET PARK,Neighbourhood,,,,,,,,,,,
4002,0.39,GAMMON LAKE COMMUNITY PARK,Community,,,,,,,,,,,
4004,2.79,FRESHWATER TRAIL PARK,Community,,,,,,,,,,,
4005,0.08,PINECREST PARK,Community,,,,,,,,,,,
4006,0.41,CUTTER DRIVE PARK,Neighbourhood,,,,,,,,,,,
4007,3.2,TANTALLON SENIOR ELEMENTARY PARK,Community,,,,,,,,,,,
4008,5.03,TANTALLON JUNIOR ELEMENTARY PARK,Community,,,,,,,,,,,
4009,7.04,HAMMONDS PLAINS CONSOLIDATED ELEMENTARY SCHOOL,Community,,,,,,,,,,,
4010,1.94,LEMARCHANT-ST. THOMAS ELEMENTARY SCHOOL PARK,Community,,,,,,,,,,,
4011,0.7,ECOLE BEAUFORT PARK,Community,,,,,,,,,,,
4014,0.73,SIR CHARLES TUPPER ELEMENTARY SCHOOL PARK,Neighbourhood,,,,,,,,,,,
4015,1.4,JOHN W. MACLEOD PARK,Community,,,,,,,,,,,
4016,1.47,FLEMING TOWER PARK,Community,,,,,,,,,,,
4017,2.09,CHEBUCTO HEIGHTS ELEMENTARY SCHOOL PARK,Community,,,,,,,,,,,
4018,1.41,SPRINGVALE ELEMENTARY SCHOOL PARK,Community,,,,,,,,,,,
4019,0.65,SAMBRO ELEMENTARY SCHOOL PARK,Community,,,,,,,,,,,
4020,2.01,HARRIETSFIELD ELEMENTARY SCHOOL PARK,Community,,,,,,,,,,,
4021,3.7,J. L. ILSLEY HIGH SCHOOL PARK,Community,,,,,,,,,,,
4022,1.22,CENTRAL SPRYFIELD ELEMENTARY SCHOOL PARK,Community,,,,,,,,,,,
4023,3.05,HERRING COVE JUNIOR HIGH SCHOOL PARK,Community,,,,,,,,,,,
4024,1.11,ROCKINGHAM ELEMENTARY SCHOOL PARK,Community,,,,,,,,,,,
4025,2.05,ST. AGNES JUNIOR HIGH SCHOOL PARK,Community,,,,,,,,,,,
4026,3.87,WESTMOUNT ELEMENTARY SCHOOL PARK,District,,,,,,,,,,,
4027,0.97,OXFORD SCHOOL PARK,Community,,,,,,,,,,,
4028,0.24,ASHBURN PARK,Community,,,,,,,,,,,
4029,1.37,BURTON ETTINGER SCHOOL PARK,Community,,,,,,,,,,,
4030,3.19,DUC D'ANVILLE SCHOOL PARK,Community,,,,,,,,,,,
4031,2.39,CLAYTON PARK JUNIOR HIGH SCHOOL PARK,Community,,,,,,,,,,,
4032,0.75,FAIRVIEW HEIGHTS ANNEX ELEMENTARY PARK,Community,,,,,,,,,,,
4033,3.49,FAIRVIEW HEIGHTS ELEMENTARY/JUNIOR HIGH PARK,Community,,,,,,,,,,,
4034,0.05,FLEETVIEW DRIVE PARK,Neighbourhood,,,,,,,,,,,
4035,7.77,GROSVENOR-WENTWORTH PARK ELEMENTARY SCHOOL PARK,Regional,,,,,,,,,,,
4036,5.04,MILLWOOD HIGH SCHOOL PARK,Community,,,,,,,,,,,
4037,2.68,MILLWOOD ELEMENTARY SCHOOL PARK,Community,,,,,,,,,,,
4038,4.45,ELIZABETH SUTHERLAND SCHOOL PARK,Community,,,,,,,,,,,
4039,0.57,FORT SACKVILLE SCHOOL PARK,Community,,,,,,,,,,,
4040,2.29,BASINVIEW DRIVE COMMUNITY SCHOOL PARK,Community,,,,,,,,,,,
4041,0.26,RIDGEVALE DRIVE PARK 2,Community,,,,,,,,,,,
4042,0.07,BASINVIEW DRIVE PARK,Community,,,,,,,,,,,
5002,5.41,EASTERN PASSAGE EDUCATION CENTRE,Community,,,,,,,,,,,
5004,9.77,MADELINE SYMONDS MIDDLE SCHOOL PARK,Community,,,,,,,,,,,
5005,7.64,PARK WEST SCHOOL PARK,Community,,,,,,,,,,,
5006,6.66,PORTLAND ESTATES SCHOOL PARK,Community,,,,,,,,,,,
5007,5.17,RIDGECLIFF MIDDLE SCHOOL PARK,Community,,,,,,,,,,,
5008,5.2,SACKVILLE HEIGHTS ELEMENTARY SCHOOL PARK,Community,,,,,,,,,,,
5009,5.17,ST. MARGARET'S BAY ELEMENTARY SCHOOL PARK,Community,,,,,,,,,,,
5010,4.87,BEDFORD SOUTH SCHOOL PARK,Community,,,,,,,,,,,
5011,8.02,BELL BROOK PARK,Community,,,,,,,,,,,
5012,9.38,WYNDHAM DRIVE PARK,Community,,,,,,,,,,,
5015,0.86,KERRY DRIVE PARK,Neighbourhood,,,,,,,,,,,
5016,3.48,ROSS ROAD SCHOOL PARK,Community,,,,,,,,,,,
5017,2.36,HARBOUR VIEW ELEMENTARY SCHOOL PARK,Community,,,,,,,,,,,
5018,14.34,LOCKVIEW HIGH SCHOOL PARK,Community,,,,,,,,,,,
5019,2.97,ASH LEE JEFFERSON ELEMENTARY SCHOOL PARK,Community,,,,,,,,,,,
5020,3.77,HARRY R. HAMILTON ELEMENTARY SCHOOL PARK,Community,,,,,,,,,,,
5021,3.93,COLE HARBOUR DISTRICT HIGH SCHOOL PARK,District,,,,,,,,,,,
5022,7.08,ASTRAL DRIVE ELEMENTARY & JUNIOR HIGH SCHOOL PARK,Community,,,,,,,,,,,
5029,0.46,SOUTHBROOK CRESCENT PARK,Neighbourhood,,,,,,,,,,,
5030,0.62,CONIFER COURT PARK,Neighbourhood,,,,,,,,,,,
5032,5.28,OAKEN HILLS PARK,Community,,,,,,,,,,,
5033,6.71,LOST CREEK PARK,Community,,,,,,,,,,,
5035,2.66,GEORGE BISSETT ELEMENTARY SCHOOL PARK,Community,,,,,,,,,,,
5036,1.38,ALDERNEY ELEMENTARY SCHOOL PARK,Community,,,,,,,,,,,
5037,1.05,HAWTHORN ELEMENTARY SCHOOL PARK,Community,,,,,,,,,,,
5038,4.29,COLBY VILLAGE ELEMENTARY SCHOOL PARK,Community,,,,,,,,,,,
5039,3.76,CALDWELL ROAD ELEMENTARY SCHOOL PARK,Community,,,,,,,,,,,
5040,1.47,HILLSIDE ELEMENTARY PARK SCHOOL PARK,Community,,,,,,,,,,,
5041,3.55,A. J. SMELTZER JUNIOR HIGH SCHOOL PARK,Community,,,,,,,,,,,
5042,2.39,SACKVILLE CENTENNIAL ELEMENTARY SCHOOL PARK,Community,,,,,,,,,,,
5043,4.39,SACKVILLE HIGH SCHOOL PARK,District,,,,,,,,,,,
5044,2.87,LESLIE THOMAS JUNIOR HIGH SCHOOL PARK,Community,,,,,,,,,,,
5045,3.36,CAVALIER DRIVE ELEMENTARY SCHOOL PARK,Community,,,,,,,,,,,
5046,2.33,ECOLE DU GRAND-PORTAGE PARK,Community,,,,,,,,,,,
5047,2.95,SMOKEY DRIVE ELEMENTARY SCHOOL PARK,Community,,,,,,,,,,,
5048,14.12,SIR JOHN A. MACDONALD HIGH SCHOOL PARK,District,,,,,,,,,,,
5049,8.84,FIVE BRIDGES JUNIOR HIGH SCHOOL PARK,Community,,,,,,,,,,,
5050,2.11,JOSEPH GILES ELEMENTARY SCHOOL PARK,Community,,,,,,,,,,,
5051,2.08,ROBERT KEMP TURNER ELEMENTARY SCHOOL PARK,Community,,,,,,,,,,,
5052,4.86,SIR ROBERT BORDEN JUNIOR HIGH SCHOOL PARK,Community,,,,,,,,,,,
5053,1.77,MOUNT EDWARD ELEMENTARY SCHOOL PARK,Community,,,,,,,,,,,
5054,2.95,ELLENVALE JUNIOR HIGH/BROOKHOUSE ELEMENTARY PARK,Community,,,,,,,,,,,
5055,4.14,PRINCE ANDREW HIGH SCHOOL PARK,District,,,,,,,,,,,
5056,1.78,IAN FORSYTH ELEMENTARY SCHOOL PARK,Community,,,,,,,,,,,
5057,0.56,WAVERLEY ROAD PARK,Community,,,,,,,,,,,
5058,0.08,MELROSE CRESCENT PARK,Neighbourhood,,,,,,,,,,,
5059,32.09,ATLANTIC VIEW REGIONAL TRAIL PARK,Regional,,,,,,,,,,,
5060,3.98,CRICHTON PARK ELEMENTARY SCHOOL PARK,Community,,,,,,,,,,,
5061,1.32,HIGHLAND PARK JUNIOR HIGH SCHOOL PARK,District,,,,,,,,,,,
5062,2.2,ST. STEPHEN'S ELEMENTARY SCHOOL PARK,Community,,,,,,,,,,,
5063,0.63,ST JOSEPH'S-ALEXANDER MCKAY ELEMENTARY SCHOOL PARK,Community,,,,,,,,,,,
5064,11.86,LINEAR PARK,Regional,,,,,,,,,,,
5066,0.7,LACEWOOD DRIVE PARK,Neighbourhood,,,,,,,,,,,
5067,2.37,AFRICVILLE LOOKOFF PARK,Neighbourhood,,,,,,,,,,,
5072,0.48,SAINT MARY'S ELEMENTARY SCHOOL PARK,Neighbourhood,,,,,,,,,,,
5073,0.02,GREEN STREET PARKETTE,Neighbourhood,,,,,,,,,,,
5074,1.51,ST. ANDREW'S COMMUNITY CENTRE PARK,Regional,,,,,,,,,,,
5075,2.24,SYCAMORE LANE ELEMENTARY SCHOOL PARK,Neighbourhood,,,,,,,,,,,
5076,0.48,GRANITE COVE DRIVE PARK,Community,,,,,,,,,,,
5077,0.88,LOWER FLINN PARK,Community,,,,,,,,,,,
5078,1.38,BI-HI PARK,Community,,,,,,,,,,,
5079,0.26,C. A. BECKETT PARK,Neighbourhood,,,,,,,,,,,
5080,0.08,MELWOOD AVENUE PARK,Neighbourhood,,,,,,,,,,,
5081,0.07,WILLIAMS LAKE ROAD POCKET PARK,Community,,,,,,,,,,,
5082,6.34,ROCKINGSTONE HEIGHTS SCHOOL PARK,Community,,,,,,,,,,,
5083,6.55,ROACHES POND BALL DIAMOND PARK,Community,,,,,,,,,,,
5084,0.65,TERENCE BAY ELEMENTARY SCHOOL PARK,Community,,,,,,,,,,,
5085,5.32,LYNWOOD DRIVE PARK,Neighbourhood,,,,,,,,,,,
5086,1.42,TARA DRIVE PARK,Community,,,,,,,,,,,
5087,0.33,MAPLE DRIVE PARK,Neighbourhood,,,,,,,,,,,
5088,0.57,BUCKINGHAM DRIVE PARK,Neighbourhood,,,,,,,,,,,
5089,4.37,BIG LATTER POND PARK,Community,,,,,,,,,,,
5090,1.69,WILLIAM KING ELEMENTARY SCHOOL PARK,Community,,,,,,,,,,,
5091,11.03,BEDFORD BARRENS,Regional,,,,,,,,,,,
5095,1.2,WAVERLEY ROAD ELEMENTARY SCHOOL PARK,Community,,,,,,,,,,,
5096,5.24,AUBURN DRIVE HIGH SCHOOL PARK,Community,,,,,,,,,,,
5097,0.51,LAKEFRONT CONSOLIDATED ELEMENTARY SCHOOL PARK,Community,,,,,,,,,,,
5098,1.35,GLEN SLAUNWHITE MEMORIAL PARK,Community,,,,,,,,,,,
5100,10.37,SMELT BROOK PARK,Community,,,,,,,,,,,
5101,0.09,MARY BETH BENEDICT MEMORIAL PARK,Community,,,,,,,,,,,
5102,2.77,EAGLEWOOD ELEMENTARY SCHOOL PARK,Community,,,,,,,,,,,
5103,3.21,BEDFORD JUNIOR HIGH SCHOOL PARK,Community,,,,,,,,,,,
5104,5.48,ROCKY LAKE JUNIOR HIGH SCHOOL PARK,District,,,,,,,,,,,
5105,6.58,GARY MARTIN DRIVE PARK,Regional,,,,,,,,,,,
5106,0.43,DANNY DRIVE PARK,Community,,,,,,,,,,,
5107,0.1,MELVILLE ISLAND LOOKOFF PARK,Community,,,,,,,,,,,
5108,1.9,BEL AYR ELEMENTARY SCHOOL PARK,Community,,,,,,,,,,,
5109,2.12,ERIC GRAVES MEMORIAL JUNIOR HIGH SCHOOL PARK,Community,,,,,,,,,,,
5110,0.79,SUSSEX DRIVE PARK,Neighbourhood,,,,,,,,,,,
5111,1.93,ATLANTIC VIEW ELEMENTARY SCHOOL PARK,Community,,,,,,,,,,,
5112,8.22,OYSTER POND ACADEMY PARK,Community,,,,,,,,,,,
5113,2.97,SILVERSIDES RESIDENTS ASSOCIATION PARK,Neighbourhood,,,,,,,,,,,
5114,0.81,RIVER PARK,Neighbourhood,,,,,,,,,,,
5115,2.9,UPPER MUSQUODOBOIT ELEMENTARY SCHOOL PARK,Community,,,,,,,,,,,
5116,0.37,SCOTS LAKE PARK,Community,,,,,,,,,,,
5117,3.33,DUNCAN MACMILLAN HIGH SCHOOL PARK,Community,,,,,,,,,,,
5118,1.61,SHEET HARBOUR ELEMENTARY SCHOOL PARK,Community,,,,,,,,,,,
5119,0.71,HATCHET LAKE PARK,Community,,,,,,,,,,,
5120,0.22,HIGH ROAD PARK,Community,,,,,,,,,,,
5121,0.4,PINEHAVEN DRIVE PARK,Community,,,,,,,,,,,
5122,1.52,OLDFIELD CONSOLIDATED ELEMENTARY SCHOOL PARK,Community,,,,,,,,,,,
5123,10.17,HAROLD T. BARRETT JUNIOR HIGH SCHOOL PARK,Community,,,,,,,,,,,
5124,0.97,GREENFOREST PARK,Community,,,,,,,,,,,
5125,0.17,LAKELAND STREET PARK,Neighbourhood,,,,,,,,,,,
5126,0.05,FLETCHER DRIVE PARK,Neighbourhood,,,,,,,,,,,
5127,2.96,GRAHAM CREIGHTON JUNIOR HIGH SCHOOL PARK,Community,,,,,,,,,,,
5128,2.64,BELL PARK ACADEMIC CENTRE PARK,Community,,,,,,,,,,,
5129,0.12,CROWELL ROAD PARK,Neighbourhood,,,,,,,,,,,
5130,0.51,SCHWARZWALD PARK,Neighbourhood,,,,,,,,,,,
5131,0.25,LUCY COURT PARK,Neighbourhood,,,,,,,,,,,
5132,0.2,SHEET HARBOUR LIONS PARK,Community,,,,,,,,,,,
5133,2.52,GREENPARK CLOSE PARK,Community,,,,,,,,,,,
5134,3.76,HUMBER PARK ELEMENTARY SCHOOL PARK,Community,,,,,,,,,,,
5135,0.2,SEBASTIAN PLACE PARK,Neighbourhood,,,,,,,,,,,
5136,0.21,CABOT PLACE PARK,Neighbourhood,,,,,,,,,,,
5137,0.22,MERKEL PLACE PARK,Neighbourhood,,,,,,,,,,,
5138,0.21,COLUMBUS PLACE PARK,Neighbourhood,,,,,,,,,,,
5141,2.49,BASSWOOD RUN PARK,Community,,,,,,,,,,,
5143,0.18,SOUTH RIDGE CIRCLE PARK,Neighbourhood,,,,,,,,,,,
5144,0.3,CANNON TERRACE PARK,Neighbourhood,,,,,,,,,,,
5145,0.93,PIGGOTT AVENUE PARK,Neighbourhood,,,,,,,,,,,
5146,0.59,JOSEPH HOWE ELEMENTARY SCHOOL PARK,Community,,,,,,,,,,,
5147,1.85,WAVERLEY MEMORIAL ELEMENTARY SCHOOL PARK,Community,,,,,,,,,,,
5148,2.44,MICHAEL WALLACE ELEMENTARY SCHOOL PARK,Community,,,,,,,,,,,
5149,0.69,NELSON WHYNDER ELEMENTARY SCHOOL PARK,Community,,,,,,,,,,,
5150,1.94,GERALD B. GRAY PARK,District,,,,,,,,,,,
5151,1.4,SHATFORD MEMORIAL ELEMENTARY SCHOOL PARK,Community,,,,,,,,,,,
5152,0.39,FORMER LAKEVIEW CONSOLIDATED SCHOOL PARK,Community,,,,,,,,,,,
5153,0.12,SUN KEY DRIVE PARK,Neighbourhood,,,,,,,,,,,
5154,5.23,GAETZ BROOK JUNIOR HIGH SCHOOL PARK,Community,,,,,,,,,,,
5155,1.63,COLONEL JOHN STUART ELEMENTARY SCHOOL PARK,Community,,,,,,,,,,,
5156,4.44,UPPER HAMMONDS PLAINS RECREATION CENTRE PARK,Community,,,,,,,,,,,
5157,10.8,MUSQUODOBOIT RURAL HIGH SCHOOL PARK,Community,,,,,,,,,,,
5158,1.22,ECOLE DES BEAUX-MARAIS PARK,Community,,,,,,,,,,,
5159,10.85,MUSQUODOBOIT VALLEY EDUCATION CENTRE PARK,Community,,,,,,,,,,,
5160,1.01,ADMIRAL WESTPHAL ELEMENTARY SCHOOL PARK,Community,,,,,,,,,,,
5161,1.93,BEAVER BANK KINSAC ELEMENTARY SCHOOL PARK,Community,,,,,,,,,,,
5162,1.46,DUTCH SETTLEMENT ELEMENTARY SCHOOL PARK,Community,,,,,,,,,,,
5163,1.7,EAST ST. MARGARET'S CONSOLIDATED SCHOOL PARK,Community,,,,,,,,,,,
5164,3.07,GORDON BELL PARK,Community,,,,,,,,,,,
5165,3.6,EASTERN SHORE DISTRICT HIGH SCHOOL PARK,Community,,,,,,,,,,,
5166,3.26,HOLLAND ROAD ELEMENTARY SCHOOL PARK,Community,,,,,,,,,,,
5167,3.92,UNNAMED PARK 12,,,,,,,,,,,,
5168,1.11,ALBANY TERRACE PARK,Neighbourhood,,,,,,,,,,,
5169,0.08,CLEVELAND BREWER PARK,Neighbourhood,,,,,,,,,,,
5170,0.05,DEVILS ISLAND VIEW PARK,,,,,,,,,,,,
5171,3.77,BIRCH HILL LAKE PARK,Community,,,,,,,,,,,
5172,0.971,HEDDAS WAY PARK,Neighbourhood,,,,,,,,,,,
5173,0.97,WILLIAM ROSS PARK,Community,,,,,,,,,,,
5174,0.62,MALAY FALLS BEACH PARK,Community,,,,,,,,,,,
5175,5.95,THE GULLIES PARK,Community,,,,,,,,,,,
5176,0.16,GLADSTONE RIDGE PARK,Neighbourhood,,,,,,,,,,,
5177,34.19,SHEARWATER FLYER TRAIL PARK,Regional,,,,,,,,,,,
5178,6.81,ECOLE SECONDAIRE DU SOMMET PARK,District,,,,,,,,,,,
5179,6.22,STONINGTON PARK,Community,,,,,,,,,,,
5180,3.36,PEBBLECREEK CRESCENT PARK,Community,,,,,,,,,,,
5181,0.12,SOUTHGATE DRIVE PARK,Neighbourhood,,,,,,,,,,,
5182,0.09,LETHBRIDGE AVENUE PARK,Neighbourhood,,,,,,,,,,,
5183,3.12,CLAM HARBOUR ROAD PARK,Community,,,,,,,,,,,
5184,0.1,RIDDING ROAD PARK,Neighbourhood,,,,,,,,,,,
5185,3,MOUNT ROYALE PARK,Community,,,,,,,,,,,
5186,0.13,RIVERWOOD DRIVE PARK,Neighbourhood,,,,,,,,,,,
5187,1.61,LAKE CHARLOTTE BOAT LAUNCH,,,,,,,,,,,,
5188,0.49,NADIA DRIVE PARK,Neighbourhood,,,,,,,,,,,
5189,0.94,BRYANSTON ROAD PARK,Neighbourhood,,,,,,,,,,,
5190,2.26,TYLER SAMPSON PARK,Community,,,,,,,,,,,
5191,0.47,GRAFTON STREET PARK,Community,,,,,,,,,,,
5192,38.91,BEECHVILLE LAKESIDE TIMBERLEA TRAIL PARK,Regional,,,,,,,,,,,
5193,12.59,COLE HARBOUR SALT MARSH TRAIL,Regional,,,,,,,,,,,
5194,0.33,JOSHUA SLOCUM AVENUE PARK,Neighbourhood,,,,,,,,,,,
5195,0.19,MURRAY DRIVE PARK,Neighbourhood,,,,,,,,,,,
5196,0.28,MAPLE GROVE AVENUE PARK,Neighbourhood,,,,,,,,,,,
5197,1.54,BUNCHBERRY LANE PARK,Community,,,,,,,,,,,
5198,7.17,PORTERS LAKE ELEMENTARY SCHOOL PARK,Community,,,,,,,,,,,
5199,1.6,GOLDENEYE DRIVE PARK,Community,,,,,,,,,,,
5200,0.34,CHAIN OF LAKES TRAIL PARK,Regional,,,,,,,,,,,
5201,13.01,UNNAMED PARK 13,Community,,,,,,,,,,,
5202,0.13,KEYPORT AVENUE PARK,Neighbourhood,,,,,,,,,,,
5203,0.02,STOKIL DRIVE PARK,Community,,,,,,,,,,,
5204,0.56,GRASSY BROOK PARK,District,,,,,,,,,,,
5205,0.09,OAKLAND ROAD PARK,Community,,,,,,,,,,,
5206,0.17,DARLINGTON DRIVE PARK,Neighbourhood,,,,,,,,,,,
5207,13.86484924,GOVERNORS BROOK DISTRICT PARK,District,,,,,,,,,,,
5208,0.71,STARFLOWER WAY COMMUNITY PARK,Community,,,,,,,,,,,
5209,1.6,SANDY RUN PARK,Neighbourhood,,,,,,,,,,,
5210,0.81,BONSAI DRIVE COMMUNITY PARK,Community,,,,,,,,,,,
5211,2.48,BEECHCREST DRIVE PARK,Community,,,,,,,,,,,
5212,1.49,ASTRAL DRIVE NEIGHBOURHOOD PARK,Neighbourhood,,,,,,,,,,,
5213,7.8,LARRY UTECK BOULEVARD COMMUNITY PARK,Community,,,,,,,,,,,
5214,3.08,MARY CLAYTON MEMORIAL PARK,Neighbourhood,,,,,,,,,,,
5215,3.6,UNNAMED PARK 3,Community,,,,,,,,,,,
5216,8.37,CHARLES P. ALLEN HIGH SCHOOL PARK,District,,,,,,,,,,,
5217,1.58,STERLING DRIVE PARK,Neighbourhood,,,,,,,,,,,
5218,0.27,UNNAMED PARK 9,Neighbourhood,,,,,,,,,,,
5219,1.859,LARKVIEW TERRACE PARK,Neighbourhood,,,,,,,,,,,
5220,1.55,ALABASTER WAY COMMUNITY PARK,Community,,,,,,,,,,,
5221,0.59,NORAWARREN DRIVE NEIGHBOURHOOD PARK,Neighbourhood,,,,,,,,,,,
5222,1.34,UNNAMED PARK 8,Community,,,,,,,,,,,
5223,0.23,BRIDGEVIEW DRIVE PARK,Neighbourhood,,,,,,,,,,,
5224,5.86,BAKER DRIVE COMMUNITY PARK,Community,,,,,,,,,,,
5225,0.27,HADLEY CRESCENT NEIGHBOURHOOD PARK,Neighbourhood,,,,,,,,,,,
5226,9.16,UNNAMED PARK 7,Community,,,,,,,,,,,
5227,0.47,ROSLEY ROAD PARK,Neighbourhood,,,,,,,,,,,
5228,0.47,SACKVILLE CROSS ROAD COMMUNITY PARK,Community,,,,,,,,,,,
5229,0.24,SHADY VISTA DRIVE PARK,Neighbourhood,,,,,,,,,,,
5231,46.45,MUSQUODOBOIT TRAIL AT GREENWAY,,,,,,,,,,,,
5232,0.57,UNNAMED PARK 4,,,,,,,,,,,,
5233,2.17,MCCABE LAKE DRIVE PARK,Community,,,,,,,,,,,
5234,0.31,RAFTING DRIVE NEIGHBOURHOOD PARK,Neighbourhood,,,,,,,,,,,
5235,2.13,UNNAMED PARK AMESBURY GATE 1,Community,,,,,,,,,,,
5236,0.07,UNNAMED PARK AMESBURY GATE 2,Community,,,,,,,,,,,
5237,0.69,SUMMER FIELD WAY PARK,,,,,,,,,,,,
5238,0.09,MANSION AVENUE NEIGHBOURHOOD PARK,Neighbourhood,,,,,,,,,,,
5239,0.1,MELHAM DRIVE COMMUNITY PARK,Community,,,,,,,,,,,
5240,0.57,SAVOY AVENUE COMMUNITY PARK,Community,,,,,,,,,,,
5242,5.68,ABBINGTON AVENUE COMMUNITY PARK,Community,,,,,,,,,,,
5243,2.11,AMESBURY GATE COMMUNITY PARK,Community,,,,,,,,,,,
5244,0.06,UNNAMED PARK 19,,,,,,,,,,,,
5245,0.08,UNNAMED PARK 20,,,,,,,,,,,,
5246,0.2,UNNAMED PARK 21,,,,,,,,,,,,
5247,0.21,TITANIUM CRESCENT PARK,Neighbourhood,,,,,,,,,,,
5248,0.21,TRAVERTINE COURT PARK,Neighbourhood,,,,,,,,,,,
5251,8.24,BEARPAW DRIVE PARK,Community,,,,,,,,,,,
5253,0.14,EVANDALE LANE PARK,Neighbourhood,,,,,,,,,,,
5254,0.24,KERRI LEA LANE PARK,Neighbourhood,,,,,,,,,,,
5255,0.3,BRADFORD PLACE PARK,Neighbourhood,,,,,,,,,,,
5256,0.14,HILDEN DRIVE PARK,Neighbourhood,,,,,,,,,,,
5257,0.98,HOGAN COURT PARK,Community,,,,,,,,,,,
5258,4.65,SAWGRASS DRIVE PARK,Community,,,,,,,,,,,
5259,0.67,CORONATION AVENUE PARK,Neighbourhood,,,,,,,,,,,
5260,0.7,FRIESIAN COURT PARK,Community,,,,,,,,,,,
5261,1.65,BROAD STREET PARK,Neighbourhood,,,,,,,,,,,
5262,4.01,MIDNIGHT RUN PARK,Community,,,,,,,,,,,
5263,1.327,AZURE COURT PARK,Community,,,,,,,,,,,
5264,1.677,GASPEREAU RUN PARK,Community,,,,,,,,,,,
5265,0.814,UNNAMED PARK 22,Community,,,,,,,,,,,
5266,3.21,CHERRY BROOK LAKE LOON PARK,,,,,,,,,,,,
5267,4.657,UNNAMED PARK 23,Community,,,,,,,,,,,
5268,4.153,BOSUN RUN PARK,Community,,,,,,,,,,,
5269,2.738,CUTLER AVENUE PARK,District,,,,,,,,,,,
5270,0.052,IMPEROYAL PARK,Neighbourhood,,,,,,,,,,,
5271,3.99,ROCKCLIFFE DRIVE PARK,Community,,,,,,,,,,,
5272,1.14,DARJEELING DRIVE PARK,Neighbourhood,,,,,,,,,,,
5273,1.29,GRENOBLE COURT PARK,Community,,,,,,,,,,,
5274,0.813,SAINT PETER'S CEMETERY,CEMETERY,,,,,,,,,,,
5275,0.787,SAINT PAUL'S CEMETERY,CEMETERY,,,,,,,,,,,
5276,2.81,MOUNT HERMON CEMETERY,CEMETERY,,,,,,,,,,,
5277,6.706,CAMP HILL CEMETERY,CEMETERY,,,,,,,,,,,
5278,6.768,FAIRVIEW LAWN CEMETERY,CEMETERY,,,,,,,,,,,
5279,0.135,UNNAMED PARK 24,Neighbourhood,,,,,,,,,,,
5280,0.067,UNNAMED PARK 25,Neighbourhood,,,,,,,,,,,
5281,73.34774986,UNNAMED PARK 26,Regional,,,,,,,,,,,
5282,0.11148,SAMAA COURT PARK,Neighbourhood,,,,,,,,,,,
5283,5.86,UNNAMED PARK 27,Neighbourhood,,,,,,,,,,,
5284,0.1524167,PARK ROAD PARK,,,,,,,,,,,,
5285,0.03344,UNNAMED PARK 28,,,,,,,,,,,,
5286,0.171,ANGLER DRIVE COMMUNITY PARK,Community,,,,,,,,,,,
5287,137.0798609,SHAW WILDERNESS PARK,Regional,,,,,,,,,,,
5288,0.09449525,HIGHFIELD PARK,Neighbourhood,,,,,,,,,,,
