Year,Board Code,School Code,School Name,Telephone,Email,Mail Address Line 1
2018,51,96,BADDECK ACADEMY,9022952359,BARBMAC@GNSPES.CA,PO BOX 310
2018,51,93,BOULARDERIE ELEMENTARY SCHOOL,9026742716,LAVERYB1@GNSPES.CA,12065 KEMPT RD
2018,51,101,BRAS D'OR ELEMENTARY SCHOOL,9027364000,KUBLEKS@GNSPES.CA,10 ALDER PT. RD
2018,51,640,BRETON EDUCATION CENTRE,9028626432,DAUCOIN@GNSPES.CA,667 EIGHTH ST
2018,51,995,BROOKLAND ELEMENTARY SCHOOL,9025620768,JLIVELY@GNSPES.CA,153 COTTAGE RD
2018,51,107,CABOT EDUCATION CENTRE,9023362266,SIMMSDJ@GNSPES.CA,32039 CABOT TRAIL
2018,51,962,CAPE SMOKEY ELEMENTARY SCHOOL,9022852638,HARDYM2@GNSPES.CA,PO BOX 269
2018,51,1169,CBVRCE ADULT HIGH SCHOOL,9025625178,HPATTERS@GNSPES.CA,290 WHITNEY AVE
2018,51,186,COXHEATH ELEMENTARY SCHOOL,9025624961,TLEBLAN1@GNSPES.CA,30 MT. FLORENCE ST
2018,51,1101,CUSACK SCHOOL,9025640431,ORYCHOA1@GNSPES.CA,500 BIRCH HILL DR
2018,51,996,DONKIN SCHOOL,9027372120,JACKSONBM@GNSPES.CA,81 CENTRE AVE
2018,51,98,DR. T.L. SULLIVAN MIDDLE SCHOOL,9027366273,YORKEC1@GNSPES.CA,256 PARK RD
2018,51,1153,FERRISVIEW ELEMENTARY SCHOOL,9027947137,BOUTJ@GNSPES.CA,83 ARCHIBALD AVE
2018,51,416,GLACE BAY ELEMENTARY SCHOOL,9028493256,SHEPARDR@GNSPES.CA,135 BROOKSIDE ST
2018,51,8,GLACE BAY HIGH SCHOOL,9028494247,GBH@GNSPES.CA,201 RESERVE ST
2018,51,963,GREENFIELD ELEMENTARY SCHOOL,9028624000,MACDOUS13@GNSPES.CA,25 JAMES ST
2018,51,964,HARBOURSIDE ELEMENTARY SCHOOL,9025634520,DBEATON@GNSPES.CA,15 CHURCH ST
2018,51,549,JOHN BERNARD CROAK V.C. MEMORIAL SCHOOL,9028492003,RMULLER@GNSPES.CA,10 SECOND ST
2018,51,960,JUBILEE ELEMENTARY SCHOOL,9027363310,JACKH@GNSPES.CA,755 MAIN ST
2018,51,202,MALCOLM MUNROE MEMORIAL MIDDLE SCHOOL,9025644587,SMCAMPBELL@GNSPES.CA,125 KENWOOD DR
2018,51,183,MARION BRIDGE SCHOOL,9027272980,RUTHCLARKE@GNSPES.CA,3845 GABARUS HWY
2018,51,82,MEMORIAL COMPOSITE HIGH SCHOOL,9027366233,NICHOLC7@GNSPES.CA,300 MEMORIAL DR
2018,51,83,MIDDLE RIVER CONSOLIDATED SCHOOL,9022952842,RCORDY@GNSPES.CA,2248 CABOT TRAIL
2018,51,997,MOUNTAINVIEW ELEMENTARY SCHOOL,9025628880,PAUL3@GNSPES.CA,21 DELTA DR
2018,51,961,NORTH HIGHLANDS ELEMENTARY SCHOOL,9023832186,ANGELACURRIE@GNSPES.CA,1363 BAY ST. LAWRENCE RD
2018,51,1154,OCEANVIEW EDUCATION CENTRE,9028424488,GONEILL@GNSPES.CA,60 WALLACES RD
2018,51,1142,RANKIN SCHOOL OF THE NARROWS,9027252210,MACNEILT@GNSPES.CA,4144 HWY 223
2018,51,973,RIVERSIDE SCHOOL,9025634535,BROWNS5@GNSPES.CA,7430 HORNES RD
2018,51,203,RIVERVIEW HIGH SCHOOL,9025645411,JOEMC@GNSPES.CA,57 COXHEATH RD
2018,51,182,ROBIN FOOTE ELEMENTARY SCHOOL,9025393031,LASTEPHEN@GNSPES.CA,125 SUNNYDALE DR
2018,51,113,SETON ELEMENTARY SCHOOL,9027942419,BRIGGSJ1@GNSPES.CA,25 WILKIE AVE
2018,51,646,SHERWOOD PARK EDUCATION CENTRE,9025637732,GARTLAND@GNSPES.CA,500 TERRACE ST
2018,51,972,SHIPYARD ELEMENTARY SCHOOL,9025628878,OLIVERG@GNSPES.CA,30 MT. KEMMEL ST
2018,51,561,ST. ANNE'S ELEMENTARY SCHOOL,9028495661,TETTINGER@GNSPES.CA,30 OFFICIAL ROW
2018,51,688,SYDNEY ACADEMY,9025625464,KDEVEAUX@GNSPES.CA,49 TERRACE ST
2018,51,117,SYDNEY MINES MIDDLE SCHOOL,9027368549,LISAML@GNSPES.CA,596 MAIN ST
2018,51,185,SYDNEY RIVER ELEMENTARY SCHOOL,9025672144,KMCNENLY@GNSPES.CA,35 PHILLIPS ST
2018,51,175,TOMPKINS MEMORIAL ELEMENTARY SCHOOL,9028493803,MCLEODM2@GNSPES.CA,60 MAIN ST
2018,51,667,WHITNEY PIER MEMORIAL MIDDLE SCHOOL,9025626130,DELM@GNSPES.CA,199 JAMIESON ST
2018,52,934,ANTIGONISH EDUCATION CENTRE,9028678800,JOANNE.LANDRY@SRCE.CA,30 APPLESEED DR
2018,52,932,BAYVIEW EDUCATION CENTRE,9027875220,MELANIEM.MACDONALD@SRCE.CA,PO BOX 148
2018,52,974,CAPE BRETON HIGHLANDS EDUCATION CENTRE/ACADEMY,9022357500,PETER.GOOSENS@SRCE.CA,PO BOX 3
2018,52,986,CHEDABUCTO EDUCATION CENTRE/ GUYSBOROUGH ACADEMY,9025334006,BARBARA.AVERY@SRCE.CA,PO BOX 19
2018,52,930,DALBRAE ACADEMY,9029455325,ANNC.WHALLEY@SRCE.CA,PO BOX 220
2018,52,707,DR. JOHN HUGH GILLIS REGIONAL HIGH SCHOOL,9028631620,JACK.MACDONALD@SRCE.CA,105 BRAEMORE AVE
2018,52,975,EAST ANTIGONISH EDUCATION CENTRE/ACADEMY,9022322810,RICHARD.BRITTEN@SRCE.CA,10128 RTE 4
2018,52,484,EAST RICHMOND EDUCATION CENTRE,9025352066,SONYA.SAUVE@SRCE.CA,PO BOX 219
2018,52,266,FANNING EDUCATION CENTRE/ CANSO ACADEMY,9023662225,JEFF.GEORGE@SRCE.CA,129 TICKLE RD
2018,52,471,FELIX MARCHAND EDUCATION CENTRE,9023452560,LOIS.LANDRY@SRCE.CA,PO BOX 767
2018,52,143,H. M. MACDONALD ELEMENTARY SCHOOL,9028632096,ERIN.MACPHERSON@SRCE.CA,RR 3 2811 HWY 245
2018,52,1106,INVERNESS EDUCATION CENTRE/ ACADEMY,9022583700,CAROL.SMITH@SRCE.CA,PO BOX 580
2018,52,390,PLEASANT BAY SCHOOL,9022242365,PETER.GOOSENS@SRCE.CA,456 PLEASANT BAY RD
2018,52,931,RICHMOND EDUCATION CENTRE/ ACADEMY,9023454949,JASON.MACLEAN@SRCE.CA,PO BOX 599
2018,52,152,ST. ANDREW JUNIOR SCHOOL,9028633046,GLENN.AUSTEN@SRCE.CA,2 APPLESEED DR
2018,52,149,ST. ANDREWS CONSOLIDATED SCHOOL,9028632512,KIRK.JOHNSTONE@SRCE.CA,3892 HWY 316
2018,52,1160,ST. MARY'S EDUCATION CENTRE/ ACADEMY,9025222035,MIKE.MACISAAC@SRCE.CA,PO BOX 292
2018,52,655,STRAIT AREA EDUCATION AND RECREATION CENTRE,9026251929,ROB.ALLEN@SRCE.CA,304 PITT ST UNIT 1
2018,52,936,TAMARAC EDUCATION CENTRE,9026256650,TANYA.CARTER@SRCE.CA,57 TAMARAC DR
2018,52,388,WHYCOCOMAGH EDUCATION CENTRE,9027562441,RICK.WELTON@SRCE.CA,PO BOX 160
2018,53,639,A. G. BAILLIE MEMORIAL SCHOOL,9027558240,BOUDREAUND@CCRCE.CA,477 VICTORIA AVE EXT
2018,53,248,ADVOCATE DISTRICT SCHOOL,9023923400,ROCHONP@CCRCE.CA,PO BOX 62
2018,53,705,AMHERST REGIONAL HIGH SCHOOL,9026612540,STUBBERTA@CCRCE.CA,190 WILLOW ST
2018,53,1194,BIBLE HILL CONSOLIDATED SCHOOL,9028965511,FOUGEREKJ@CCRCE.CA,103 PICTOU RD
2018,53,7,BIBLE HILL JUNIOR HIGH SCHOOL,9028965500,THOMSONTW@CCRCE.CA,741 COLLEGE RD
2018,53,16,BROOKFIELD ELEMENTARY SCHOOL,9026735050,WEATHERBEEKL@CCRCE.CA,233 HWY 289
2018,53,1198,CCRCE ALTERNATE HIGH SCHOOL,9027558165,CALLAGHANK@CCRCE.CA,PO BOX 10
2018,53,20,CENTRAL COLCHESTER JUNIOR HIGH SCHOOL,9028965570,MACPHERSONC@CCRCE.CA,61 ONSLOW RD
2018,53,27,CHIGANOIS ELEMENTARY SCHOOL,9026624420,HARNISHK@CCRCE.CA,11145 HWY 2
2018,53,14,COBEQUID CONSOLIDATED ELEMENTARY SCHOOL,9028965560,MCINNISND@CCRCE.CA,2998 HWY 236
2018,53,36,COBEQUID DISTRICT ELEMENTARY SCHOOL,9023692960,HORNEG@CCRCE.CA,8993 HWY 354
2018,53,44,COBEQUID EDUCATIONAL CENTRE,9028965700,KAULBACHW@CCRCE.CA,34 LORNE ST
2018,53,1104,CUMBERLAND NORTH ACADEMY,9026612464,WELLSK@CCRCE.CA,RR 3
2018,53,230,CYRUS EATON ELEMENTARY SCHOOL,9022433900,WELLSSE@CCRCE.CA,PO BOX 129
2018,53,28,DEBERT ELEMENTARY SCHOOL,9026624400,HARVEYC@CCRCE.CA,PO BOX 279
2018,53,408,DR. W.A. MACLEOD CONSOLIDATED SCHOOL,9027558450,STACEYRL@CCRCE.CA,6193 TRAFALGAR RD
2018,53,750,E. B. CHANDLER JUNIOR HIGH SCHOOL,9026612450,BEEDS@CCRCE.CA,PO BOX 790
2018,53,432,EAST PICTOU MIDDLE SCHOOL,9029223800,DOYLENM@CCRCE.CA,163 SCHOOL RD
2018,53,31,ELMSDALE DISTRICT ELEMENTARY SCHOOL,9028835350,ALLEYM@CCRCE.CA,75 MACMILLAN DR
2018,53,30,ENFIELD DISTRICT SCHOOL,9028835300,KNOLT@CCRCE.CA,29 CATHERINE ST
2018,53,414,F. H. MACDONALD ELEMENTARY SCHOOL,9029223800,DOYLENM@CCRCE.CA,123 SCHOOL RD
2018,53,665,G. R. SAUNDERS ELEMENTARY SCHOOL,9027558230,CORMIEREL@CCRCE.CA,PO BOX 1030
2018,53,26,GREAT VILLAGE ELEMENTARY SCHOOL,9026686500,SMITHC@CCRCE.CA,8849 HWY 2
2018,53,42,HANTS EAST RURAL HIGH SCHOOL,9027584620,SMITHMT@CCRCE.CA,2331 HWY 2
2018,53,41,HANTS NORTH RURAL HIGH SCHOOL,9023623300,SEARLELM@CCRCE.CA,4369 HWY 236
2018,53,1145,HARMONY HEIGHTS ELEMENTARY SCHOOL,9028965798,FITZGERALDD@CCRCE.CA,25 CEDAR DR
2018,53,15,HILDEN ELEMENTARY SCHOOL,9028965750,KAULBACHL@CCRCE.CA,1737 TRURO RD
2018,53,661,JUNCTION ROAD ELEMENTARY SCHOOL,9025974240,MADDISONALICKS@CCRCE.CA,PO BOX 2139
2018,53,38,KENNETCOOK DISTRICT ELEMENTARY SCHOOL,9023623300,SEARLELM@CCRCE.CA,4369 HWY 236
2018,53,949,MAPLE RIDGE ELEMENTARY SCHOOL,9028835361,ISENORR@CCRCE.CA,1066 HWY 2
2018,53,971,MCCULLOCH EDUCATION CENTRE,9024857991,MCNEILLFA@CCRCE.CA,350 WELLINGTON ST
2018,53,1189,NEW GLASGOW ACADEMY,9027558400,MCNEILAP@CCRCE.CA,93 ALBERT ST
2018,53,988,NORTH NOVA EDUCATION CENTRE,9027558180,FINDLAYAL@CCRCE.CA,343 PARK ST
2018,53,9,NORTH RIVER ELEMENTARY SCHOOL,9028965530,BISHOPAMEROHA@CCRCE.CA,80 MOUNTAIN LEE RD
2018,53,231,NORTHPORT CONSOLIDATED ELEMENTARY SCHOOL,9026612490,TRENHOLMA@CCRCE.CA,7110 HWY 366
2018,53,989,NORTHUMBERLAND REGIONAL HIGH SCHOOL,9023962750,OTOOLEM@CCRCE.CA,104 ALMA RD
2018,53,1151,OXFORD REGIONAL EDUCATION CENTRE,9024474513,STARRATTD@CCRCE.CA,249 LOWER MAIN ST
2018,53,649,PARRSBORO REGIONAL ELEMENTARY SCHOOL,9022545605,COLLINSONN@CCRCE.CA,43 SCHOOL ST
2018,53,715,PARRSBORO REGIONAL HIGH SCHOOL,9022545600,SPENCED@CCRCE.CA,PO BOX 370
2018,53,650,PICTOU ACADEMY,9024857200,MACDONALDB@CCRCE.CA,200 LOUISE ST
2018,53,252,PUGWASH DISTRICT HIGH SCHOOL,9022433930,BRUNTSE@CCRCE.CA,192 CHURCH ST
2018,53,39,RAWDON DISTRICT ELEMENTARY SCHOOL,9026326660,NODDINM@CCRCE.CA,3713 HWY 354
2018,53,916,REDCLIFF MIDDLE SCHOOL,9028965520,HAZELTOND@CCRCE.CA,33 SUNSET LANE
2018,53,251,RIVER HEBERT DISTRICT SCHOOL,9022513200,TAYLORV@CCRCE.CA,2843 BARRONSFIELD RD
2018,53,923,RIVERSIDE EDUCATION CENTRE,9027584660,GATTOSC@CCRCE.CA,6 RIVERSIDE DR
2018,53,441,SALT SPRINGS ELEMENTARY SCHOOL,9029256000,NELSONRD@CCRCE.CA,2080 WEST RIVER STN RD
2018,53,4,SCOTSBURN ELEMENTARY SCHOOL,9024857980,FORTUNEM@CCRCE.CA,4100 SCOTSBURN RD
2018,53,34,SHUBENACADIE DISTRICT ELEMENTARY SCHOOL,9027584600,NODDINM@CCRCE.CA,54 MILL VILLAGE RD
2018,53,992,SOUTH COLCHESTER ACADEMY,9026735000,ARMSTRONGS@CCRCE.CA,207 HWY 289
2018,53,1105,SPRING STREET ACADEMY,9026612499,JANESH@CCRCE.CA,59 SPRING ST
2018,53,658,SPRINGHILL JUNIOR-SENIOR HIGH SCHOOL,9025974250,CONRONB@CCRSB.CA,84 CHURCH ST
2018,53,1195,TATAMAGOUCHE REGIONAL ACADEMY,9026576235,HOLMESB@CCRCE.CA,92 BLAIR AVE
2018,53,428,THORBURN CONSOLIDATED SCHOOL,9029223840,SMITHLS@CCRCE.CA,13 NEW ROW
2018,53,692,TRENTON ELEMENTARY SCHOOL,9027558460,WASHBURNMD@CCRCE.CA,1 SIXTH ST
2018,53,690,TRENTON MIDDLE SCHOOL,9027558440,MACDONALDOS@CCRCE.CA,PO BOX 10
2018,53,1146,TRURO ELEMENTARY SCHOOL,9028965755,LYNDSJN@CCRCE.CA,125 CURTIS DR
2018,53,45,TRURO JUNIOR HIGH SCHOOL,9028965550,MACLEANAM@CCRCE.CA,445 YOUNG ST
2018,53,40,UNIACKE DISTRICT SCHOOL,9028665100,PEVERILMF@CCRCE.CA,551 HWY 1
2018,53,18,UPPER STEWIACKE ELEMENTARY SCHOOL,9026713000,TAITKA@CCRCE.CA,5327 HWY 289
2018,53,12,VALLEY ELEMENTARY SCHOOL,9028965540,WALLK@CCRCE.CA,96 SALMON RIVER RD
2018,53,227,WALLACE CONSOLIDATED ELEMENTARY SCHOOL,9022576100,DORNDG@CCRCE.CA,3853 HWY 307
2018,53,3,WALTER DUGGAN CONSOLIDATED SCHOOL,9023962700,SLATERA@CCRCE.CA,2370 SPRING GARDEN RD
2018,53,29,WEST COLCHESTER CONSOLIDATED SCHOOL,9026473500,OAKLEYC@CCRCE.CA,27 MAPLE AVE
2018,53,662,WEST END MEMORIAL SCHOOL,9025974242,HOARP@CCRCE.CA,77 MCGEE ST
2018,53,1190,WEST HIGHLANDS ELEMENTARY SCHOOL,9026612420,BATEMANSL@CCRCE.CA,18 MALTBY CRT
2018,53,407,WEST PICTOU CONSOLIDATED SCHOOL,9024857960,TURNERCA@CCRCE.CA,1999 HWY 376
2018,53,1148,WINDING RIVER CONSOLIDATED SCHOOL,9026393199,COXBL@CCRCE.CA,PO BOX 249
2018,54,228,A. J. SMELTZER JUNIOR HIGH SCHOOL,9028646846,AJS@HRCE.CA,46 PRINCE ST
2018,54,512,ADMIRAL WESTPHAL ELEMENTARY SCHOOL,9024358305,AWES@HRCE.CA,6 FOURTH ST
2018,54,513,ALDERNEY ELEMENTARY SCHOOL,9024642040,ALDERNEY@HRCE.CA,2 PENHORN DR
2018,54,317,ASH LEE JEFFERSON ELEMENTARY SCHOOL,9028604163,ALJS@HRCE.CA,10 LOCKVIEW RD
2018,54,739,ASTRAL DRIVE ELEMENTARY SCHOOL,9024628500,ADE@HRCE.CA,236 ASTRAL DR
2018,54,749,ASTRAL DRIVE JUNIOR HIGH SCHOOL,9024628700,ADJH@HRCE.CA,238 ASTRAL DR
2018,54,425,ATLANTIC MEMORIAL-TERENCE BAY ELEMENTARY SCHOOL,9028522166,AMTB@HRCE.CA,3591 PROSPECT RD
2018,54,326,ATLANTIC VIEW ELEMENTARY SCHOOL,9024645245,ATVS@HRCE.CA,3391 LAWRENCETOWN RD
2018,54,97,AUBURN DRIVE HIGH SCHOOL,9024626900,ADHS@HRCE.CA,300 AUBURN DR
2018,54,104,BASINVIEW DRIVE COMMUNITY SCHOOL,9028328450,BDCS@HRCE.CA,273 BASINVIEW DR
2018,54,304,BEAVER BANK-KINSAC ELEMENTARY SCHOOL,9028646805,BBKS@HRCE.CA,28 KINSAC RD
2018,54,752,BEAVER BANK-MONARCH DRIVE ELEMENTARY SCHOOL,9028647540,BBMON@HRCE.CA,38 MONARCH DR
2018,54,268,BEDFORD AND FORSYTH EDUCATION CENTRES,9028328630,BFEC@HRCE.CA,426 ROCKY LAKE DR
2018,54,937,BEDFORD SOUTH SCHOOL,9028325800,BEDFORDS@HRCE.CA,2 OCEANVIEW DR
2018,54,291,BEECHVILLE LAKESIDE TIMBERLEA JUNIOR ELEMENTARY SCHOOL,9028763236,BLTJR@HRCE.CA,22 JAMES ST
2018,54,290,BEECHVILLE LAKESIDE TIMBERLEA SENIOR ELEMENTARY SCHOOL,9028763230,BLT@HRCE.CA,24 JAMES ST
2018,54,514,BEL AYR ELEMENTARY SCHOOL,9024358353,BELAYR@HRCE.CA,4 BELL ST
2018,54,322,BELL PARK ACADEMIC CENTRE,9028292388,BPAC@HRCE.CA,4 THOMAS ST
2018,54,515,BICENTENNIAL SCHOOL,9024642094,BICENT@HRCE.CA,85 VICTORIA RD
2018,54,519,BROOKHOUSE ELEMENTARY SCHOOL,9024358318,BES@HRCE.CA,15 CHRISTOPHER AVE
2018,54,286,BROOKSIDE JUNIOR HIGH SCHOOL,9028522062,BJHS@HRCE.CA,2239 PROSPECT RD
2018,54,595,BURTON ETTINGER ELEMENTARY SCHOOL,9024578922,BEES@HRCE.CA,52 ALEX ST
2018,54,319,CALDWELL ROAD ELEMENTARY SCHOOL,9024626010,CRES@HRCE.CA,280 CALDWELL RD
2018,54,516,CALEDONIA JUNIOR HIGH SCHOOL,9024358413,CJHS@HRCE.CA,38 CALEDONIA RD
2018,54,312,CAUDLE PARK ELEMENTARY SCHOOL,9028646864,CPES@HRCE.CA,35 MCGEE DR
2018,54,743,CAVALIER DRIVE SCHOOL,9028647524,CDS@HRCE.CA,116 CAVALIER DR
2018,54,611,CENTRAL SPRYFIELD SCHOOL,9024794286,CSES@HRCE.CA,364 HERRING COVE RD
2018,54,1183,CHARLES P. ALLEN HIGH SCHOOL,9028328964,CPAH@HRCE.CA,200 INNOVATION DR
2018,54,596,CHEBUCTO HEIGHTS ELEMENTARY SCHOOL,9024794298,CHES@HRCE.CA,230 COWIE HILL RD
2018,54,1109,CITADEL HIGH SCHOOL,9024914444,CHS@HRCE.CA,1855 TROLLOPE ST
2018,54,600,CLAYTON PARK JUNIOR HIGH SCHOOL,9024578930,CPJH@HRCE.CA,45 PLATEAU CRES
2018,54,352,COLBY VILLAGE ELEMENTARY SCHOOL,9024645152,CVES@HRCE.CA,92 COLBY DR
2018,54,357,COLE HARBOUR DISTRICT HIGH SCHOOL,9024645220,CHDHS@HRCE.CA,2 CHAMEAU CRES
2018,54,339,COLONEL JOHN STUART ELEMENTARY SCHOOL,9024645200,CJSES@HRCE.CA,5 JOHN STEWART DR
2018,54,517,CRICHTON PARK ELEMENTARY SCHOOL,9024642503,CRICHTON@HRCE.CA,49 LYNGBY AVE
2018,54,605,CUNARD JUNIOR HIGH SCHOOL,9024794418,CUNARD@HRCE.CA,121 WILLIAMS LAKE RD
2018,54,518,DARTMOUTH HIGH SCHOOL,9024642457,DHS@HRCE.CA,95 VICTORIA RD
2018,54,1193,DARTMOUTH SOUTH ACADEMY,9024642081,DSA@HRCE.CA,111 PRINCE ARTHUR AVE
2018,54,601,DUC D'ANVILLE ELEMENTARY SCHOOL,9024578940,DDES@HRSB.NS.CA,12 CLAYTON PARK DR
2018,54,328,DUNCAN MACMILLAN HIGH SCHOOL,9028852777,DMHS@HRCE.CA,481 CHURCH POINT RD
2018,54,343,DUTCH SETTLEMENT ELEMENTARY SCHOOL,9028833000,DSES@HRSB.NS.CA,990 HWY 277
2018,54,283,EAST ST. MARGARET'S ELEMENTARY SCHOOL,9028232463,ESTM@HRSB.NS.CA,8671 PEGGY'S COVE RD
2018,54,351,EASTERN PASSAGE EDUCATION CENTRE,9024628401,EPEC@HRSB.NS.CA,93 SAMUEL DANIAL DR
2018,54,334,EASTERN SHORE DISTRICT HIGH SCHOOL,9028894025,ESDH@HRCE.CA,35 WEST PETPESWICK RD
2018,54,614,ELIZABETH SUTHERLAND SCHOOL,9024794427,ESS@HRSB.NS.CA,66 ROCKINGSTONE RD
2018,54,538,ELLENVALE JUNIOR HIGH SCHOOL,9024358420,EJHS@HRCE.CA,88 BELLE VISTA DR
2018,54,564,ERIC GRAVES MEMORIAL JUNIOR HIGH SCHOOL,9024358325,EGMJH@HRCE.CA,70 DOROTHEA DR
2018,54,599,FAIRVIEW HEIGHTS ELEMENTARY SCHOOL,9024578953,FHES@HRSB.NS.CA,210 CORONATION AVE
2018,54,578,FAIRVIEW JUNIOR HIGH SCHOOL,9024578960,FVJH@HRSB.NS.CA,155 ROSEDALE AVE
2018,54,288,FIVE BRIDGES JUNIOR HIGH SCHOOL,9028762026,FBJH@HRSB.NS.CA,66 HUBLEY RD
2018,54,356,GAETZ BROOK JUNIOR HIGH SCHOOL,9028274666,GBJHS@HRCE.CA,6856 HWY 7
2018,54,731,GEORGE BISSETT ELEMENTARY SCHOOL,9024645184,GBES@HRCE.CA,170 ARKLOW DR
2018,54,314,GEORGES P. VANIER JUNIOR HIGH SCHOOL,9028604182,VANIER@HRSB.NS.CA,1410 FALL RIVER RD
2018,54,568,GORSEBROOK JUNIOR HIGH SCHOOL,9024216758,GJH@HRSB.NS.CA,5966 SOUTH ST
2018,54,318,GRAHAM CREIGHTON JUNIOR HIGH SCHOOL,9024645164,GCJH@HRSB.NS.CA,72 CHERRY BROOK RD
2018,54,602,GROSVENOR-WENTWORTH PARK ELEMENTARY SCHOOL,9024578422,GWP@HRCE.CA,4 DOWNING ST
2018,54,567,HALIFAX CENTRAL JUNIOR HIGH SCHOOL,9024216777,CENTRAL@HRCE.CA,1787 PRESTON ST
2018,54,592,HALIFAX WEST HIGH SCHOOL,9024578900,HWHS@HRCE.CA,283 THOMAS RADDALL DR
2018,54,306,HAMMONDS PLAINS CONSOLIDATED SCHOOL,9028328412,HPCS@HRSB.NS.CA,2180 HAMMONDS PLAINS RD
2018,54,521,HARBOUR VIEW ELEMENTARY SCHOOL,9024642051,HVES@HRCE.CA,25 ALFRED ST
2018,54,740,HAROLD T. BARRETT JUNIOR HIGH SCHOOL,9028647500,HTBAR@HRSB.NS.CA,862 BEAVER BANK RD
2018,54,296,HARRIETSFIELD ELEMENTARY SCHOOL,9024794230,HES@HRCE.CA,1150 OLD SAMBRO RD
2018,54,313,HARRY R. HAMILTON ELEMENTARY SCHOOL,9028646815,HRH@HRSB.NS.CA,40 HAMILTON DR
2018,54,522,HAWTHORN ELEMENTARY SCHOOL,9024642048,HAWTHORN@HRSB.NS.CA,10 HAWTHORNE ST
2018,54,293,HERRING COVE JUNIOR HIGH SCHOOL,9024794214,HCJH@HRSB.NS.CA,7 LANCASTER DR
2018,54,571,HIGHLAND PARK JUNIOR HIGH SCHOOL,9024935124,HPJH@HRCE.CA,3479 ROBIE ST
2018,54,310,HILLSIDE PARK ELEMENTARY SCHOOL,9028646873,HPES@HRSB.NS.CA,15 HILLSIDE AVE
2018,54,747,HOLLAND ROAD ELEMENTARY SCHOOL,9028604170,HRES@HRCE.CA,181 HOLLAND RD
2018,54,327,HUMBER PARK ELEMENTARY SCHOOL,9024645177,HPS@HRSB.NS.CA,5 SMALLWOOD AVE
2018,54,523,IAN FORSYTH ELEMENTARY SCHOOL,9024358435,IFES@HRSB.NS.CA,22 GLENCOE DR
2018,54,579,INGLIS STREET ELEMENTARY SCHOOL,9024216767,ISES@HRSB.NS.CA,5985 INGLIS ST
2018,54,1196,ISLAND VIEW HIGH SCHOOL,9024666341,IVH@HRSB.CA,1853 CALDWELL RD
2018,54,619,J. L. ILSLEY HIGH SCHOOL,9024794612,JLI@HRSB.NS.CA,38 SYLVIA AVE
2018,54,539,JOHN MACNEIL ELEMENTARY SCHOOL,9024642488,JMES@HRSB.NS.CA,62 LEAMAN DR
2018,54,524,JOHN MARTIN JUNIOR HIGH SCHOOL,9024642408,JMJH@HRSB.NS.CA,7 BRULE ST
2018,54,607,JOHN W. MACLEOD-FLEMING TOWER ELEMENTARY SCHOOL,9024794437,JWM@HRSB.NS.CA,159 PURCELL'S COVE RD
2018,54,354,JOSEPH GILES ELEMENTARY SCHOOL,9024645192,JGES@HRSB.NS.CA,54 GREGORY DR
2018,54,569,JOSEPH HOWE ELEMENTARY SCHOOL,9024216785,JHOWE@HRSB.NS.CA,2557 MAYNARD ST
2018,54,1103,KINGSWOOD ELEMENTARY SCHOOL,9028325522,KWE@HRSB.NS.CA,34 VREGE CRT
2018,54,330,LAKEFRONT CONSOLIDATED ELEMENTARY SCHOOL,9027722195,LCS@HRSB.NS.CA,17286 HWY 7
2018,54,587,LEMARCHANT-ST. THOMAS ELEMENTARY SCHOOL,9024216769,LMSTS@HRSB.NS.CA,1589 WALNUT ST
2018,54,353,LESLIE THOMAS JUNIOR HIGH SCHOOL,9028646785,LTJH@HRCE.CA,100 METROPOLITAN AVE
2018,54,968,LOCKVIEW HIGH SCHOOL,9028606000,LHS@HRCE.CA,148 LOCKVIEW RD
2018,54,939,MADELINE SYMONDS MIDDLE SCHOOL,9028322300,MSMS@HRSB.NS.CA,290 WHITE HILLS RUN
2018,54,526,MICHAEL WALLACE ELEMENTARY SCHOOL,9024358357,MWES@HRCE.CA,24 ANDOVER ST
2018,54,748,MILLWOOD ELEMENTARY SCHOOL,9028647510,MES@HRCE.CA,190 BEAVER BANK CROSS RD
2018,54,745,MILLWOOD HIGH SCHOOL,9028647535,MWHS@HRCE.CA,141 MILLWOOD DR
2018,54,527,MOUNT EDWARD ELEMENTARY SCHOOL,9024358459,MEES@HRSB.NS.CA,3 WINDWARD AVE
2018,54,1149,MUSQUODOBOIT RURAL HIGH SCHOOL,9023842320,MRHS@HRSB.NS.CA,11980 HWY 224
2018,54,348,MUSQUODOBOIT VALLEY EDUCATION CENTRE,9023842555,MVEC@HRSB.NS.CA,PO BOX 99
2018,54,324,NELSON WHYNDER ELEMENTARY SCHOOL,9024626030,NWES@HRCE.CA,979 NORTH PRESTON RD
2018,54,56,OCEAN VIEW ELEMENTARY SCHOOL,9024658670,OVES@HRCE.CA,51 OCEANVIEW SCHOOL RD
2018,54,131,O'CONNELL DRIVE ELEMENTARY SCHOOL,9028274112,OCDES@HRCE.CA,40 O'CONNELL DR
2018,54,315,OLDFIELD CONSOLIDATED SCHOOL,9028833010,OCS@HRSB.NS.CA,72 HALLS RD
2018,54,572,OXFORD SCHOOL,9024216763,OXFORD@HRCE.CA,6364 NORTH ST
2018,54,1141,OYSTER POND ACADEMY,9028894300,OPA@HRCE.CA,10583 HWY 7
2018,54,970,PARK WEST SCHOOL,9024577800,PARKWEST@HRCE.CA,206 LANGBRAE DR
2018,54,1159,PORTERS LAKE ELEMENTARY SCHOOL,9028272525,PLES@HRCE.CA,40 INSPIRATION DR
2018,54,969,PORTLAND ESTATES ELEMENTARY SCHOOL,9024337100,PORTLAND@HRSB.NS.CA,45 PORTLAND HILLS DR
2018,54,533,PRINCE ANDREW HIGH SCHOOL,9024358452,PAH@HRSB.NS.CA,31 WOODLAWN RD
2018,54,282,PROSPECT ROAD ELEMENTARY SCHOOL,9028522441,PRES@HRSB.NS.CA,2199 PROSPECT RD
2018,54,938,RIDGECLIFF MIDDLE SCHOOL,9028764381,RMS@HRSB.NS.CA,35 BEECH TREE RUN
2018,54,359,ROBERT K. TURNER ELEMENTARY SCHOOL,9024645205,RKT@HRSB.NS.CA,141 CIRCASSION DR
2018,54,603,ROCKINGHAM ELEMENTARY SCHOOL,9024578986,ROCKINGHAM@HRCE.CA,31 TREMONT DR
2018,54,609,ROCKINGSTONE HEIGHTS SCHOOL,9024794452,RHES@HRCE.CA,1 REGAN DR
2018,54,1187,ROCKY LAKE JUNIOR HIGH SCHOOL,9028328952,RLJH@HRSB.NS.CA,670 ROCKY LAKE DR
2018,54,321,ROSS ROAD SCHOOL,9024628340,RRS@HRSB.NS.CA,336 ROSS RD
2018,54,311,SACKVILLE HEIGHTS ELEMENTARY SCHOOL,9028694700,SHES@HRCE.CA,1225 OLD SACKVILLE RD
2018,54,303,SACKVILLE HEIGHTS JUNIOR HIGH SCHOOL,9028693800,SHJH@HRCE.CA,956 SACKVILLE DR
2018,54,297,SACKVILLE HIGH SCHOOL,9028646700,SHS@HRCE.CA,1 KINGFISHER WAY
2018,54,581,SAINT MARY'S ELEMENTARY SCHOOL,9024216749,STMARYS@HRSB.NS.CA,5614 MORRIS ST
2018,54,295,SAMBRO ELEMENTARY SCHOOL,9028682717,SES@HRCE.CA,3725 OLD SAMBRO RD
2018,54,941,SEASIDE ELEMENTARY SCHOOL,9024657600,SEASIDE@HRSB.NS.CA,1881 CALDWELL RD
2018,54,534,SHANNON PARK ELEMENTARY SCHOOL,9024642084,SPES@HRCE.CA,75 IROQUOIS DR
2018,54,287,SHATFORD MEMORIAL ELEMENTARY SCHOOL,9028574200,SMES@HRSB.NS.CA,10089 ST. MARGARET'S BAY RD
2018,54,589,SIR CHARLES TUPPER SCHOOL,9024216775,TUPPER@HRCE.CA,1930 CAMBRIDGE ST
2018,54,277,SIR JOHN A. MACDONALD HIGH SCHOOL,9028263222,SJA@HRSB.NS.CA,31 SCHOLARS RD
2018,54,320,SIR ROBERT BORDEN JUNIOR HIGH SCHOOL,9024645140,SRBJH@HRSB.NS.CA,16 EVERGREEN DR
2018,54,355,SMOKEY DRIVE ELEMENTARY SCHOOL,9028646838,SDES@HRSB.NS.CA,241 SMOKEY DR
2018,54,535,SOUTH WOODSIDE SCHOOL,9024642090,SWES@HRSB.NS.CA,5 EVERETTE ST
2018,54,593,SPRINGVALE ELEMENTARY SCHOOL,9024794606,SPRVALE@HRCE.CA,92 DOWNS AVE
2018,54,575,ST. AGNES JUNIOR HIGH SCHOOL,9024935132,STAGNES@HRCE.CA,6981 MUMFORD RD
2018,54,577,ST. CATHERINE'S ELEMENTARY SCHOOL,9024935143,STCATH@HRSB.NS.CA,3299 CONNOLLY ST
2018,54,580,ST. JOSEPH'S-ALEXANDER MCKAY ELEMENTARY SCHOOL,9024935180,SJAM@HRSB.NS.CA,5389 RUSSELL ST
2018,54,940,ST. MARGARET'S BAY ELEMENTARY SCHOOL,9028263300,SMBE@HRSB.NS.CA,24 RIDGEWOOD DR
2018,54,586,ST. STEPHEN'S ELEMENTARY SCHOOL,9024935155,SSES@HRCE.CA,3669 HIGHLAND AVE
2018,54,299,SUNNYSIDE ELEMENTARY SCHOOL,9028328983,SUNNYSIDE@HRCE.CA,210 EAGLEWOOD DR
2018,54,307,SYCAMORE LANE ELEMENTARY SCHOOL,9028646730,SLES@HRSB.NS.CA,69 SYCAMORE LANE
2018,54,85,TALLAHASSEE COMMUNITY SCHOOL,9024658650,TCS@HRSB.NS.CA,168 REDOUBT WAY
2018,54,1186,TANTALLON JUNIOR ELEMENTARY SCHOOL,9028261204,TANTALLONJR@HRCE.CA,1 FRENCH VILLAGE STN RD
2018,54,284,TANTALLON SENIOR ELEMENTARY SCHOOL,9028261200,TANTALLON@HRSB.CA,3 FRENCH VILLAGE STN RD
2018,54,349,UPPER MUSQUODOBOIT CONSOLIDATED ELEMENTARY SCHOOL,9025682285,UMCS@HRSB.NS.CA,8416 HWY 224
2018,54,1157,WAVERLEY MEMORIAL ELEMENTARY SCHOOL,9028604150,WMLCS@HRCE.CA,2393 ROCKY LAKE DR
2018,54,591,WESTMOUNT ELEMENTARY SCHOOL,9024935164,WMOUNT@HRCE.CA,6700 EDWARD ARAB AVE
2018,54,294,WILLIAM KING ELEMENTARY SCHOOL,9024794200,WKES@HRSB.NS.CA,91 ST. PAUL'S AVE
2018,55,63,ALDERSHOT ELEMENTARY SCHOOL,9026903820,AES@AVRCE.CA,446 ALDERSHOT RD
2018,55,746,ANNAPOLIS EAST ELEMENTARY SCHOOL,9028255330,AEES@AVRCE.CA,PO BOX 640
2018,55,133,ANNAPOLIS WEST EDUCATION CENTRE,9025323150,AWEC@AVRCE.CA,PO BOX 399
2018,55,993,AVON VIEW HIGH SCHOOL,9027926740,AVHS@AVRCE.CA,PO BOX 700
2018,55,75,BERWICK AND DISTRICT SCHOOL,9025384720,BADS@AVRCE.CA,PO BOX 40
2018,55,1192,BRIDGETOWN REGIONAL COMMUNITY SCHOOL,9026655400,BRCS@AVRCE.CA,25 CROMWELL CRT
2018,55,363,BROOKLYN DISTRICT ELEMENTARY SCHOOL,9027574120,BDES@AVRCE.CA,8008 HWY 14
2018,55,58,CAMBRIDGE AND DISTRICT ELEMENTARY SCHOOL,9025384680,CADS@AVRCE.CA,6113 HWY 1
2018,55,67,CENTRAL KINGS RURAL HIGH SCHOOL,9025384700,CK@AVRSB.CA,6125 HWY 1
2018,55,965,CHAMPLAIN ELEMENTARY SCHOOL,9025323270,CES@AVRCE.CA,PO BOX 130
2018,55,141,CLARK RUTHERFORD MEMORIAL SCHOOL,9026384800,CRMS@AVRCE.CA,PO BOX 70
2018,55,732,COLDBROOK AND DISTRICT SCHOOL,9026903830,CBDS@AVRSB.CA,2305 ENGLISH MOUNTAIN RD
2018,55,366,DR. ARTHUR HINES ELEMENTARY SCHOOL,9026336300,DAHES@AVRCE.CA,75 MUSGRAVE RD
2018,55,65,DWIGHT ROSS ELEMENTARY SCHOOL,9027657510,DRES@AVRCE.CA,PO BOX 1420
2018,55,753,EVANGELINE MIDDLE SCHOOL,9026814910,EMS@AVRSB.CA,9387 COMMERCIAL ST
2018,55,362,FALMOUTH DISTRICT SCHOOL,9027926710,FDS@AVRCE.CA,PO BOX 40
2018,55,60,GASPEREAU VALLEY ELEMENTARY SCHOOL,9025426090,GVES@AVRCE.CA,2781 GREENFIELD RD
2018,55,59,GLOOSCAP ELEMENTARY SCHOOL,9025822010,GES@AVRCE.CA,1017 J JORDAN RD RR5
2018,55,24,HANTSPORT SCHOOL,9026844000,HS@AVRCE.CA,PO BOX 392
2018,55,998,HIGHBURY EDUCATION CENTRE,9026814930,HEC@AVRCE.CA,26 HIGHBURY RD
2018,55,70,HORTON HIGH SCHOOL,9025426060,HHS@AVRCE.CA,75 GREENWICH RD S
2018,55,1158,KINGS COUNTY ACADEMY,9026903850,KCA@AVRCE.CA,35 GARY PEARL DR
2018,55,379,KINGS COUNTY ADULT HIGH SCHOOL,9026814930,KCAHS@AVRCE.CA,26 HIGHBURY RD
2018,55,62,KINGSTON & DISTRICT SCHOOL,9027657530,KINGSTON@AVRCE.CA,PO BOX 295
2018,55,61,L.E. SHAW ELEMENTARY SCHOOL,9025426900,LESES@AVRCE.CA,486 OAK ISLAND RD
2018,55,129,LAWRENCETOWN CONSOLIDATED SCHOOL,9025844500,LCS@AVRCE.CA,RR 1 10 MIDDLE RD
2018,55,1108,LAWRENCETOWN EDUCATION CENTRE,9025844524,LEC@AVRCE.CA,RR 1 10 MIDDLE RD
2018,55,712,MIDDLETON REGIONAL HIGH SCHOOL,9028255350,MRHS@AVRCE.CA,18 GATES AVE
2018,55,73,NEW MINAS ELEMENTARY SCHOOL,9026814900,NMES@AVRCE.CA,34 JONES RD
2018,55,967,NORTHEAST KINGS EDUCATION CENTRE,9025822040,NKEC@AVRCE.CA,1816 BAINS RD
2018,55,966,PINE RIDGE MIDDLE SCHOOL,9027657570,PRMS@AVRCE.CA,625 PINE RIDGE AVE
2018,55,72,PORT WILLIAMS ELEMENTARY SCHOOL,9025426074,PWES@AVRCE.CA,1261 BELCHER ST
2018,55,55,SOMERSET AND DISTRICT ELEMENTARY SCHOOL,9025384670,SDES@AVRCE.CA,4339 BROOKLYN ST
2018,55,54,ST. MARY'S ELEMENTARY SCHOOL,9028474400,SMES@AVRCE.CA,PO BOX 249
2018,55,360,THREE MILE PLAINS DISTRICT SCHOOL,9027926720,TMPDS@AVRCE.CA,RR 2 4555 HWY 1
2018,55,1110,WEST HANTS EDUCATION CENTRE,9027926750,WHEC@AVRCE.CA,94 WENTWORTH RD
2018,55,994,WEST HANTS MIDDLE SCHOOL,9027574100,WHMS@AVRCE.CA,8009 HWY 14
2018,55,71,WEST KINGS DISTRICT HIGH SCHOOL,9028474440,WKDHS@AVRCE.CA,1941 HWY 1
2018,55,376,WINDSOR ADULT HIGH SCHOOL,9027926751,WAHS@AVRCE.CA,PO BOX 369
2018,55,699,WINDSOR ELEMENTARY SCHOOL,9027926770,WES@AVRCE.CA,PO BOX 1057
2018,55,361,WINDSOR FORKS DISTRICT SCHOOL,9027926700,WFDS@AVRCE.CA,120 SANGSTER BRIDGE RR 3
2018,55,81,WOLFVILLE SCHOOL,9025426050,WS@AVRCE.CA,19 ACADIA ST
2018,57,1155,CENTRE SCOLAIRE DE LA RIVE-SUD,9025275110,ERS@CSAP.CA,20 CH PETITE EVANGELINE
2018,57,387,CENTRE SCOLAIRE ÉTOILE DE L'ACADIE,9025633900,CSEA@CSAP.CA,15 RUE INGLIS
2018,57,145,ÉCOLE ACADIENNE DE POMQUET,9023865700,EAP@CSAP.CA,791 RUE TAYLOR
2018,57,433,ÉCOLE ACADIENNE DE TRURO,9028964500,EAT@CSAP.CA,50 RUE ABERDEEN
2018,57,947,ÉCOLE BEAUBASSIN,9024576810,EBB@CSAP.CA,54 BOUL LARRY UTECK
2018,57,982,ÉCOLE BEAU-PORT,9022265200,EBP@CSAP.CA,CP 1500
2018,57,744,ÉCOLE BELLEVILLE,9026485920,EBLV@CSAP.CA,CP 254
2018,57,948,ÉCOLE BOIS-JOLI,9024337070,EBJ@CSAP.CA,211 AV DU PORTAGE
2018,57,1173,ÉCOLE DES BEAUX-MARAIS,9028274621,EBM@CSAP.CA,5261 AUTOROUTE 7
2018,57,68,ÉCOLE DU CARREFOUR,9024337000,ECGH@CSAP.CA,201A AV DU PORTAGE
2018,57,1188,ÉCOLE DU GRAND-PORTAGE,9028646242,EGP@CSAP.CA,100 STOKIL DR
2018,57,217,ÉCOLE JOSEPH-DUGAS,9027695430,EJD@CSAP.CA,450 CH PATRICE
2018,57,1197,ÉCOLE MER ET MONDE,9024802180,EMM@CSAP.CA,5750 RUE ATLANTIC
2018,57,378,ÉCOLE NDA,9022245300,ENDA@CSAP.CA,CP 100
2018,57,156,ÉCOLE PUBNICO-OUEST,9027624400,EPO@CSAP.CA,CP 40
2018,57,57,ÉCOLE ROSE-DES-VENTS,9027657100,ERDV@CSAP.CA,CP 119
2018,57,225,ÉCOLE SECONDAIRE DE CLARE,9027695400,ESDC@CSAP.CA,80 CH PLACIDE COMEAU
2018,57,980,ÉCOLE SECONDAIRE DE PAR-EN-BAS,9026485900,ESPB@CSAP.CA,CP 178
2018,57,1152,ÉCOLE SECONDAIRE DU SOMMET,9028324302,ESS@CSAP.CA,500 BOUL LARRY UTECK
2018,57,219,ÉCOLE STELLA-MARIS,9026455500,ESM@CSAP.CA,CP 408
2018,57,160,ÉCOLE WEDGEPORT,9026635000,EWDG@CSAP.CA,44 CH DITCHER
2018,58,925,ASPOTOGAN CONSOLIDATED ELEMENTARY SCHOOL,9028572600,ACES@SSRSB.CA,105 PARKWOOD DR
2018,58,926,BAYVIEW COMMUNITY SCHOOL,9026242120,BCS@SSRSB.CA,PO BOX 160
2018,58,405,BIG TANCOOK ELEMENTARY SCHOOL,9022288300,BTES@SSRSB.CA,36 SCHOOL RD
2018,58,1156,BLUENOSE ACADEMY,9026342200,BA@SSRSB.CA,PO BOX 1210
2018,58,509,BRIDGEWATER ELEMENTARY SCHOOL,9025418240,BES@SSRSB.CA,130 YORK ST
2018,58,508,BRIDGEWATER JUNIOR HIGH SCHOOL,9025418260,BJHS@SSRSB.CA,100 YORK ST
2018,58,216,CHESTER AREA MIDDLE SCHOOL,9022752720,CAMS@SSRSB.CA,PO BOX 440
2018,58,207,CHESTER DISTRICT ELEMENTARY SCHOOL,9022752750,CDES@SSRSB.CA,PO BOX 368
2018,58,386,DR. JOHN C. WICKWIRE ACADEMY,9023547660,DJCWA@SSRSB.CA,311 PORT MOUTON RD
2018,58,80,FOREST HEIGHTS COMMUNITY SCHOOL,9022752700,FHCS@SSRSB.CA,PO BOX 29
2018,58,1150,GREENFIELD ELEMENTARY SCHOOL,9026855400,GES@SSRSB.CA,5060 HWY 210
2018,58,917,HEBBVILLE ACADEMY,9025418280,HA@SSRSB.CA,16147 HWY 3
2018,58,710,LIVERPOOL REGIONAL HIGH SCHOOL,9023547600,LRHS@SSRSB.CA,PO BOX 1266
2018,58,397,NEW GERMANY ELEMENTARY SCHOOL,9026445020,NGES@SSRSB.CA,150 SCHOOL ST
2018,58,402,NEW GERMANY RURAL HIGH SCHOOL,9026445000,NGRHS@SSRSB.CA,44 SCHOOL ST
2018,58,214,NEW ROSS CONSOLIDATED SCHOOL,9026896100,NRCS@SSRSB.CA,PO BOX 10
2018,58,404,NEWCOMBVILLE ELEMENTARY SCHOOL,9025418230,NES@SSRSB.CA,4220 HWY 325
2018,58,459,NORTH QUEENS COMMUNITY SCHOOL,9026823500,NQCS@SSRSB.CA,PO BOX 184
2018,58,409,PARK VIEW EDUCATION CENTRE,9025418200,PVEC@SSRSB.CA,1485 KING ST
2018,58,400,PENTZ ELEMENTARY SCHOOL,9026883210,PES@SSRSB.CA,PO BOX 88
2018,58,401,PETITE RIVIÈRE ELEMENTARY SCHOOL,9026883200,PRES@SSRSB.CA,123 WENTZELL RD
2018,58,1185,SOUTH QUEENS MIDDLE SCHOOL,9023547640,SQMS@SSRSB.CA,PO BOX 1288
2018,58,1171,SSRCE ADULT HIGH SCHOOL,9023547630,SSILC@SSRCE.CA,PO BOX 1974
2018,58,1172,SSRCE ALTERNATE PROGRAMS,9026242101,SSILC@SSRSB.CA,45 SCHOOL ST
2018,58,394,WEST NORTHFIELD ELEMENTARY SCHOOL,9025418220,WNES@SSRSB.CA,6 VICTORIA ACRES DR
2018,59,167,BARRINGTON MUNICIPAL HIGH SCHOOL,9026374310,BMHS@TCRSB.CA,536 OAK PARK RD
2018,59,497,CARLETON CONSOLIDATED SCHOOL,9027614200,CCES@TCRCE.CA,4014 HWY 340
2018,59,511,CLARK'S HARBOUR ELEMENTARY SCHOOL,9027453710,CHES@TCRCE.CA,PO BOX 130
2018,59,541,DIGBY ELEMENTARY SCHOOL,9022457550,DES@TCRCE.CA,PO BOX 1538
2018,59,257,DIGBY NECK CONSOLIDATED SCHOOL,9028346600,DNCES@TCRSB.CA,RR 1
2018,59,709,DIGBY REGIONAL HIGH SCHOOL,9022457500,DRHS@TCRCE.CA,PO BOX 1660
2018,59,981,DRUMLIN HEIGHTS CONSOLIDATED SCHOOL,9026436000,DHCS@TCRCE.CA,RR 1
2018,59,733,EVELYN RICHARDSON MEMORIAL ELEMENTARY SCHOOL,9027233800,ERMES@TCRCE.CA,PO BOX 160
2018,59,927,FOREST RIDGE ACADEMY,9026374340,FRA@TCRCE.CA,PO BOX 128
2018,59,79,HILLCREST ACADEMY,9028755300,HIA@TCRCE.CA,PO BOX 40
2018,59,259,ISLANDS CONSOLIDATED SCHOOL,9028396300,ICS@TCRCE.CA,PO BOX 80
2018,59,624,LOCKEPORT ELEMENTARY SCHOOL,9026567100,LES@TCRCE.CA,PO BOX 280
2018,59,711,LOCKEPORT REGIONAL HIGH SCHOOL,9026567110,LHS@TCRCE.CA,PO BOX 129
2018,59,410,MAPLE GROVE EDUCATION CENTRE,9027495160,MGEC@TCRCE.CA,52 GROVE MEMORIAL DR
2018,59,928,MEADOWFIELDS COMMUNITY SCHOOL,9027492880,MCS@TCRCE.CA,106 PROSPECT ST
2018,59,199,PLYMOUTH SCHOOL,9026632000,PS@TCRCE.CA,RR 1
2018,59,498,PORT MAITLAND CONSOLIDATED SCHOOL,9026494400,PMCES@TCRCE.CA,PO BOX 70
2018,59,716,SHELBURNE REGIONAL HIGH SCHOOL,9028754900,SRHS@TCRCE.CA,PO BOX 10
2018,59,977,ST. MARY'S BAY ACADEMY,9028372340,SMBA@TCRCE.CA,RR 1
2018,59,256,WEYMOUTH CONSOLIDATED SCHOOL,9028372310,WCS@TCRCE.CA,PO BOX 400
2018,59,704,YARMOUTH CENTRAL SCHOOL,9027492860,YCES@TCRCE.CA,53 PARADE ST
2018,59,1178,YARMOUTH CONSOLIDATED MEMORIAL HIGH SCHOOL,9027492810,YCMHS@TCRCE.CA,146 FOREST ST
2019,51,96,Baddeck Academy,,barbmac@gnspes.ca,PO Box 310
2019,51,93,Boularderie Elementary School,,laveryb1@gnspes.ca,12065 Kempt Rd
2019,51,101,Bras d'Or Elementary School,,kubleks@gnspes.ca,10 Alder Pt. Rd
2019,51,640,Breton Education Centre,,daucoin@gnspes.ca,667 8th St
2019,51,995,Brookland Elementary School,,jlively@gnspes.ca,153 Cottage Rd
2019,51,107,Cabot Education Centre,,simmsdj@gnspes.ca,32039 Cabot Trail
2019,51,962,Cape Smokey Elementary School,,hardym2@gnspes.ca,PO Box 269
2019,51,1169,CBVRCE Adult High School,,hpatters@gnspes.ca,290 Whitney Ave
2019,51,186,Coxheath Elementary School,,tleblan1@gnspes.ca,30 Mt. Florence St
2019,51,1101,Cusack School,,orychoa1@gnspes.ca,500 Birch Hill Dr
2019,51,996,Donkin School,,jacksonbm@gnspes.ca,81 Centre Ave
2019,51,98,Dr. T.L. Sullivan School,,yorkec1@gnspes.ca,256 Park Rd
2019,51,1153,Ferrisview Elementary School,,boutj@gnspes.ca,83 Archibald Ave
2019,51,416,Glace Bay Elementary School,,shepardr@gnspes.ca,135 Brookside St
2019,51,8,Glace Bay High School,,gbh@gnspes.ca,201 Reserve St
2019,51,963,Greenfield Elementary School,,macdous13@gnspes.ca,25 James St
2019,51,964,Harbourside Elementary School,,dbeaton@gnspes.ca,15 Church St
2019,51,549,John Bernard Croak V.C. Memorial School,,rmuller@gnspes.ca,10 Second St
2019,51,960,Jubilee Elementary School,,imackaycarroll@gnspes.ca,755 Main St
2019,51,202,Malcolm Munroe Middle School,,smcampbell@gnspes.ca,125 Kenwood Dr
2019,51,183,Marion Bridge School,,ruthclarke@gnspes.ca,3845 Gabarus Hwy
2019,51,82,Memorial Composite High School,,nicholc7@gnspes.ca,300 Memorial Dr
2019,51,83,Middle River Consolidated,,rcordy@gnspes.ca,2248 Cabot Trail
2019,51,997,Mountainview Elementary School,,paul3@gnspes.ca,21 Delta Dr
2019,51,961,North Highlands Elementary School,,angelacurrie@gnspes.ca,1363 Bay St. Lawrence Rd
2019,51,1154,Oceanview Education Centre,,goneill@gnspes.ca,60 Wallaces Rd
2019,51,1142,Rankin School of the Narrows,,macneilt@gnspes.ca,4144 Hwy 223
2019,51,973,Riverside School,,browns5@gnspes.ca,7430 Hornes Rd
2019,51,203,Riverview High School,,joemc@gnspes.ca,57 Coxheath Rd
2019,51,182,Robin Foote Elementary School,,lastephen@gnspes.ca,125 Sunnydale Dr
2019,51,113,Seton Elementary School,,briggsj1@gnspes.ca,25 Wilkie Ave
2019,51,646,Sherwood Park Education Centre,,gartland@gnspes.ca,500 Terrace St
2019,51,972,Shipyard Elementary School,,oliverg@gnspes.ca,30 Mt. Kemmel St
2019,51,561,St. Anne's Elementary School,,tettinger@gnspes.ca,30 Official Row
2019,51,688,Sydney Academy,,kdeveaux@gnspes.ca,49 Terrace St
2019,51,117,Sydney Mines Middle School,,lisaml@gnspes.ca,596 Main St
2019,51,185,Sydney River Elementary School,,kmcnenly@gnspes.ca,35 Phillips St
2019,51,175,Tompkins Memorial Elementary School,,mcleodm2@gnspes.ca,60 Main St
2019,51,667,Whitney Pier Memorial Middle School,,delm@gnspes.ca,199 Jamieson St
2019,52,934,Antigonish Education Centre,,april.weaver@srce.ca,30 Appleseed Dr
2019,52,932,Bayview Education Centre,,lisa.maceachern@srce.ca,PO Box 148
2019,52,974,Cape Breton Highlands Education Centre/Academy,,angela.mackinnon@srce.ca,PO Box 3
2019,52,986,Chedabucto Ed Centre/Guysborough Academy,,barbara.avery@srce.ca,PO Box 19
2019,52,930,Dalbrae Academy,,carol.smith@srce.ca,PO Box 220
2019,52,707,Dr. John Hugh Gillis Regional High,,jack.macdonald@srce.ca,105 Braemore Ave
2019,52,975,East Antigonish Education Centre/Academy,,richard.britten@srce.ca,10128 Rte 4
2019,52,484,East Richmond Education Centre,,sonya.sauve@srce.ca,PO Box 219
2019,52,266,Fanning Education Centre/Canso Academy,,jeff.george@srce.ca,129 Tickle Rd
2019,52,471,Felix Marchand Education Centre,,lois.landry@srce.ca,PO Box 767
2019,52,143,H.M. MacDonald Elementary School,,trevor.macisaac@srce.ca,RR3 2811 Hwy 245
2019,52,1106,Inverness Education Centre/Academy,,peter.goosens@srce.ca,PO Box 580
2019,52,390,Pleasant Bay School,,angela.mackinnon@srce.ca,456 Pleasant Bay Rd
2019,52,931,Richmond Education Centre/Academy,,lois.landry@srce.ca,PO Box 599
2019,52,152,St. Andrew Junior School,,glenn.austen@srce.ca,2 Appleseed Dr
2019,52,149,St. Andrews Consolidated School,,kirk.johnstone@srce.ca,3892 Hwy 316
2019,52,1160,St. Mary's Education Centre/Academy,,mike.macisaac@srce.ca,PO Box 292
2019,52,655,Strait Area Education and Recreation Centre,,rob.allen@srce.ca,304 Pitt St Unit 1
2019,52,936,Tamarac Education Centre,,melaniem.macdonald@srce.ca,57 Tamarac Dr
2019,52,388,Whycocomagh Education Centre,,rick.welton@srce.ca,PO Box 160
2019,53,639,A. G. Baillie Memorial School,,mcneilap@ccrce.ca,477 Victoria Ave Ext
2019,53,248,Advocate District School,,dickinsond@ccrce.ca,PO Box 62
2019,53,705,Amherst Regional High School,,stubberta@ccrce.ca,190 Willow St
2019,53,1194,Bible Hill Consolidated School,,fougerekj@ccrce.ca,103 Pictou Rd
2019,53,7,Bible Hill Junior High School,,thomsontw@ccrce.ca,741 College Rd
2019,53,16,Brookfield Elementary School,,weatherbeekl@ccrce.ca,233 Hwy 289
2019,53,1198,CCRCE Alternate High School,,callaghank@ccrce.ca,PO Box 10
2019,53,20,Central Colchester Junior High School,,macphersonc@ccrce.ca,61 Onslow Rd
2019,53,27,Chiganois Elementary School,,harnishk@ccrce.ca,11145 Hwy 2
2019,53,14,Cobequid Consolidated Elementary School,,mcinnisnd@ccrce.ca,2998 Hwy 236
2019,53,36,Cobequid District Elementary School,,eikelenboomn@ccrce.ca,8993 Hwy 354
2019,53,44,Cobequid Educational Centre,,kaulbachw@ccrce.ca,34 Lorne St
2019,53,1104,Cumberland North Academy,,wellsk@ccrce.ca,RR3
2019,53,230,Cyrus Eaton Elementary School,,wellsse@ccrce.ca,PO Box 129
2019,53,28,Debert Elementary School,,coxbl@ccrce.ca,PO Box 279
2019,53,408,Dr. W.A. MacLeod Consolidated School,,staceyrl@ccrce.ca,6193 Trafalgar Rd
2019,53,750,E. B. Chandler Junior High School,,beeds@ccrce.ca,PO Box 790
2019,53,432,East Pictou Middle School,,doylenm@ccrce.ca,163 School Rd
2019,53,31,Elmsdale District Elementary School,,langilleld@ccrce.ca,75 MacMillan Dr
2019,53,30,Enfield District School,,knolt@ccrce.ca,29 Catherine St
2019,53,414,F.H. MacDonald Elementary School,,doylenm@ccrce.ca,123 School Rd
2019,53,665,G.R. Saunders Elementary School,,cormierel@ccrce.ca,PO Box 1030
2019,53,26,Great Village Elementary School,,fultzs@ccrce.ca,8849 Hwy 2
2019,53,42,Hants East Rural High School,,smithmt@ccrce.ca,2331 Hwy 2
2019,53,41,Hants North Rural High School,,peverilmf@ccrce.ca,4369 Hwy 236
2019,53,1145,Harmony Heights Elementary School,,fitzgeraldd@ccrce.ca,25 Cedar Dr
2019,53,15,Hilden Elementary School,,kaulbachl@ccrce.ca,1737 Truro Rd
2019,53,661,Junction Road Elementary School,,maddisonalicks@ccrce.ca,PO Box 2139
2019,53,38,Kennetcook District Elementary School,,peverilmf@ccrce.ca,4369 Hwy 236
2019,53,949,Maple Ridge Elementary School,,isenorr@ccrce.ca,1066 Hwy 2
2019,53,971,McCulloch Education Centre,,mcneillfa@ccrce.ca,350 Wellington St
2019,53,1189,New Glasgow Academy,,francisa@ccrce.ca,93 Albert St
2019,53,988,North Nova Education Centre,,lewislk@ccrce.ca,343 Park St
2019,53,9,North River Elementary School,,bishopameroha@ccrce.ca,80 Mountain Lee Rd
2019,53,231,Northport Consolidated Elementary School,,trenholma@ccrce.ca,7110 Hwy 366
2019,53,989,Northumberland Regional High School,,otoolem@ccrce.ca,104 Alma Rd
2019,53,1151,Oxford Regional Education Centre,,starrattd@ccrce.ca,249 Lower Main St
2019,53,649,Parrsboro Regional Elementary School,,collinsonn@ccrce.ca,PO Box 631
2019,53,715,Parrsboro Regional High School,,spenced@ccrce.ca,PO Box 370
2019,53,650,Pictou Academy,,pettipassa@ccrce.ca,200 Louise St
2019,53,252,Pugwash District High School,,bruntse@ccrce.ca,PO Box 100
2019,53,39,Rawdon District Elementary School,,noddinm@ccrce.ca,3713 Hwy 354
2019,53,916,Redcliff Middle School,,hazeltond@ccrce.ca,33 Sunset Lane
2019,53,251,River Hebert District School,,taylorv@ccrce.ca,2843 Barronsfield Rd
2019,53,923,Riverside Education Centre,,gattosc@ccrce.ca,6 Riverside Dr
2019,53,441,Salt Springs Elementary School,,nelsonrd@ccrce.ca,2080 West River Stn Rd
2019,53,4,Scotsburn Elementary School,,mccarrong@ccrce.ca,4100 Scotsburn Rd
2019,53,34,Shubenacadie District Elementary School,,harveyc@ccrce.ca,54 Mill Village Rd
2019,53,992,South Colchester Academy,,searlelm@ccrce.ca,207 Hwy 289
2019,53,1105,Spring Street Academy,,janesh@ccrce.ca,59 Spring St
2019,53,658,Springhill Junior-Senior High School,,conronb@ccrce.ca,PO Box 1060
2019,53,1195,Tatamagouche Regional Academy,,holmesb@ccrce.ca,92 Blair Ave
2019,53,428,Thorburn Consolidated School,,barkersp@ccrce.ca,13 New Row
2019,53,692,Trenton Elementary School,,fortunem@ccrce.ca,1 Sixth St
2019,53,690,Trenton Middle School,,macdonaldos@ccrce.ca,PO Box 10
2019,53,1146,Truro Elementary School,,lyndsjn@ccrce.ca,125 Curtis Dr
2019,53,45,Truro Junior High,,foxt@ccrce.ca,445 Young St
2019,53,40,Uniacke District School,,kingjl2@ccrce.ca,551 Hwy 1
2019,53,18,Upper Stewiacke Elementary School,,taitka@ccrce.ca,5327 Hwy 289
2019,53,12,Valley Elementary School,,wallk@ccrce.ca,96 Salmon River Rd
2019,53,227,Wallace Consolidated Elementary School,,dorndg@ccrce.ca,3853 Hwy 307
2019,53,3,Walter Duggan Consolidated School,,slatera@ccrce.ca,2370 Spring Garden Rd
2019,53,29,West Colchester Consolidated School,,humek@ccrce.ca,27 Maple Ave
2019,53,662,West End Memorial School,,batemansl@ccrce.ca,PO Box 2139
2019,53,1190,West Highlands Elementary School,,riouxk@ccrce.ca,18 Maltby Crt
2019,53,407,West Pictou Consolidated School,,turnerca@ccrce.ca,1999 Hwy 376
2019,53,1148,Winding River Consolidated School,,oakleyc@ccrce.ca,PO Box 249
2019,54,228,A. J. Smeltzer Junior High School,,ajs@hrce.ca,46 Prince St
2019,54,512,Admiral Westphal Elementary School,,awes@hrce.ca,6 Fourth St
2019,54,513,Alderney Elementary School,,alderney@hrce.ca,2 Penhorn Dr
2019,54,317,Ash Lee Jefferson Elementary School,,aljs@hrce.ca,10 Lockview Rd
2019,54,739,Astral Drive Elementary School,,ade@hrce.ca,236 Astral Dr
2019,54,749,Astral Drive Junior High School,,adjh@hrce.ca,238 Astral Dr
2019,54,425,Atlantic Memorial-Terence Bay Elementary School,,amtb@hrce.ca,3591 Prospect Rd
2019,54,326,Atlantic View Elementary School,,atvs@hrce.ca,3391 Lawrencetown Rd
2019,54,97,Auburn Drive High School,,adhs@hrce.ca,300 Auburn Dr
2019,54,104,Basinview Drive Community School,,bdcs@hrce.ca,273 Basinview Dr
2019,54,304,Beaver Bank-Kinsac Elementary School,,bbks@hrce.ca,28 Kinsac Rd
2019,54,752,Beaver Bank-Monarch Drive Elementary School,,bbmon@hrce.ca,38 Monarch Dr
2019,54,268,Bedford and Forsyth Education Centres,,bfec@hrce.ca,426 Rocky Lake Dr
2019,54,937,Bedford South School,,bedfords@hrce.ca,2 Oceanview Dr
2019,54,291,Beechville Lakeside Timberlea Jr. Elementary School,,bltjr@hrce.ca,22 James St
2019,54,290,Beechville Lakeside Timberlea Sr. Elementary School,,blt@hrce.ca,24 James St
2019,54,514,Bel Ayr Elementary School,,belayr@hrce.ca,4 Bell St
2019,54,322,Bell Park Academic Centre,,bpac@hrce.ca,4 Thomas St
2019,54,515,Bicentennial School,,bicent@hrce.ca,85 Victoria Rd
2019,54,519,Brookhouse Elementary School,,bes@hrce.ca,15 Christopher Ave
2019,54,286,Brookside Junior High School,,bjhs@hrce.ca,2239 Prospect Rd
2019,54,595,Burton Ettinger Elementary School,,bees@hrce.ca,52 Alex St
2019,54,319,Caldwell Road Elementary School,,cres@hrce.ca,280 Caldwell Rd
2019,54,516,Caledonia Junior High School,,cjhs@hrce.ca,38 Caledonia Rd
2019,54,312,Caudle Park Elementary School,,cpes@hrce.ca,35 McGee Dr
2019,54,743,Cavalier Drive School,,cds@hrce.ca,116 Cavalier Dr
2019,54,611,Central Spryfield School,,cses@hrce.ca,364 Herring Cove Rd
2019,54,1183,Charles P. Allen High School,,cpah@hrce.ca,200 Innovation Dr
2019,54,596,Chebucto Heights Elementary School,,ches@hrce.ca,230 Cowie Hill Rd
2019,54,1109,Citadel High School,,chs@hrce.ca,1855 Trollope St
2019,54,600,Clayton Park Junior High School,,cpjh@hrce.ca,45 Plateau Cres
2019,54,352,Colby Village Elementary School,,cves@hrce.ca,92 Colby Dr
2019,54,357,Cole Harbour District High School,,chdhs@hrce.ca,2 Chameau Cres
2019,54,339,Colonel John Stuart Elementary School,,cjses@hrce.ca,5 John Stewart Dr
2019,54,517,Crichton Park Elementary School,,crichton@hrce.ca,49 Lyngby Ave
2019,54,605,Cunard Junior High School,,cunard@hrce.ca,121 Williams Lake Rd
2019,54,518,Dartmouth High School,,dhs@hrce.ca,95 Victoria Rd
2019,54,1193,Dartmouth South Academy,,dsa@hrce.ca,111 Prince Arthur Ave
2019,54,601,Duc d'Anville Elementary School,,ddes@hrsb.ns.ca,12 Clayton Park Dr
2019,54,328,Duncan MacMillan High School,,dmhs@hrce.ca,481 Church Point Rd
2019,54,343,Dutch Settlement Elementary School,,dses@hrsb.ns.ca,990 Hwy 277
2019,54,283,East St. Margarets Elementary School,,estm@hrsb.ns.ca,8671 Peggy's Cove Rd
2019,54,351,Eastern Passage Education Centre,,epec@hrsb.ns.ca,93 Samuel Danial Dr
2019,54,334,Eastern Shore District High School,,esdh@hrce.ca,35 West Petpeswick Rd
2019,54,614,Elizabeth Sutherland School,,ess@hrsb.ns.ca,66 Rockingstone Rd
2019,54,538,Ellenvale Junior High School,,ejhs@hrce.ca,88 Belle Vista Dr
2019,54,564,Eric Graves Memorial Junior High School,,egmjh@hrce.ca,70 Dorothea Dr
2019,54,599,Fairview Heights Elementary School,,fhes@hrsb.ns.ca,210 Coronation Ave
2019,54,578,Fairview Junior High School,,fvjh@hrsb.ns.ca,155 Rosedale Ave
2019,54,288,Five Bridges Junior High School,,fbjh@hrsb.ns.ca,66 Hubley Rd
2019,54,356,Gaetz Brook Junior High School,,gbjhs@hrce.ca,6856 Hwy 7
2019,54,731,George Bissett Elementary School,,gbes@hrce.ca,170 Arklow Dr
2019,54,314,Georges P. Vanier Junior High School,,vanier@hrsb.ns.ca,1410 Fall River Rd
2019,54,568,Gorsebrook Junior High School,,gjh@hrsb.ns.ca,5966 South St
2019,54,318,Graham Creighton Junior High School,,gcjh@hrsb.ns.ca,72 Cherry Brook Rd
2019,54,602,Grosvenor-Wentworth Park Elementary School,,gwp@hrce.ca,4 Downing St
2019,54,567,Halifax Central Junior High School,,central@hrce.ca,1787 Preston St
2019,54,592,Halifax West High School,,hwhs@hrce.ca,283 Thomas Raddall Dr
2019,54,306,Hammonds Plains Consolidated School,,hpcs@hrsb.ns.ca,2180 Hammonds Plains Rd
2019,54,521,Harbour View Elementary School,,hves@hrce.ca,25 Alfred St
2019,54,740,Harold T. Barrett Junior High School,,htbar@hrsb.ns.ca,862 Beaver Bank Rd
2019,54,296,Harrietsfield Elementary School,,hes@hrce.ca,1150 Old Sambro Rd
2019,54,313,Harry R. Hamilton Elementary School,,hrh@hrsb.ns.ca,40 Hamilton Dr
2019,54,522,Hawthorn Elementary School,,hawthorn@hrsb.ns.ca,10 Hawthorne St
2019,54,293,Herring Cove Junior High School,,hcjh@hrsb.ns.ca,7 Lancaster Dr
2019,54,571,Highland Park Junior High School,,hpjh@hrce.ca,3479 Robie St
2019,54,310,Hillside Park Elementary School,,hpes@hrsb.ns.ca,15 Hillside Ave
2019,54,747,Holland Road Elementary School,,hres@hrce.ca,181 Holland Rd
2019,54,327,Humber Park Elementary School,,hps@hrce.ca,5 Smallwood Ave
2019,54,523,Ian Forsyth Elementary School,,ifes@hrsb.ns.ca,22 Glencoe Dr
2019,54,579,Inglis Street Elementary School,,ises@hrsb.ns.ca,5985 Inglis St
2019,54,1196,Island View High School,,ivh@hrsb.ca,1853 Caldwell Rd
2019,54,619,J. L. Ilsley High School,,jli@hrsb.ns.ca,38 Sylvia Ave
2019,54,539,John MacNeil Elementary School,,jmes@hrsb.ns.ca,62 Leaman Dr
2019,54,524,John Martin Junior High School,,jmjh@hrsb.ns.ca,7 Brule St
2019,54,607,John W. MacLeod-Fleming Tower Elementary School,,jwm@hrsb.ns.ca,1511 Purcell's Cove Rd
2019,54,354,Joseph Giles Elementary School,,jges@hrsb.ns.ca,54 Gregory Dr
2019,54,569,Joseph Howe Elementary School,,jhowe@hrsb.ns.ca,2557 Maynard St
2019,54,1103,Kingswood Elementary School,,kwe@hrsb.ns.ca,34 Vrege Crt
2019,54,1200,LeMarchant-St. Thomas Elementary School,,lmsts@hrce.ca,6141 Watt St
2019,54,353,Leslie Thomas Junior High School,,ltjh@hrce.ca,100 Metropolitan Ave
2019,54,968,Lockview High School,,lhs@hrce.ca,148 Lockview Rd
2019,54,939,Madeline Symonds Middle School,,msms@hrsb.ns.ca,290 White Hills Run
2019,54,526,Michael Wallace Elementary School,,mwes@hrce.ca,24 Andover St
2019,54,748,Millwood Elementary School,,mes@hrce.ca,190 Beaver Bank Cross Rd
2019,54,745,Millwood High School,,mwhs@hrce.ca,141 Millwood Dr
2019,54,527,Mount Edward Elementary School,,mees@hrsb.ns.ca,3 Windward Ave
2019,54,1149,Musquodoboit Rural High School,,mrhs@hrsb.ns.ca,11980 Hwy 224
2019,54,348,Musquodoboit Valley Education Centre,,mvec@hrsb.ns.ca,PO Box 99
2019,54,324,Nelson Whynder Elementary School,,nwes@hrce.ca,979 North Preston Rd
2019,54,56,Ocean View Elementary School,,oves@hrce.ca,51 Oceanview School Rd
2019,54,131,O'Connell Drive Elementary School,,ocdes@hrce.ca,40 O'Connell Dr
2019,54,315,Oldfield Consolidated School,,ocs@hrsb.ns.ca,72 Halls Rd
2019,54,572,Oxford School,,oxford@hrce.ca,6364 North St
2019,54,1141,Oyster Pond Academy,,opa@hrce.ca,10583 Hwy 7
2019,54,970,Park West School,,parkwest@hrce.ca,206 Langbrae Dr
2019,54,1159,Porters Lake Elementary School,,ples@hrce.ca,40 Inspiration Dr
2019,54,969,Portland Estates Elementary School,,portland@hrsb.ns.ca,45 Portland Hills Dr
2019,54,533,Prince Andrew High School,,pah@hrsb.ns.ca,31 Woodlawn Rd
2019,54,282,Prospect Road Elementary School,,pres@hrsb.ns.ca,2199 Prospect Rd
2019,54,938,Ridgecliff Middle School,,rms@hrsb.ns.ca,35 Beech Tree Run
2019,54,359,Robert K. Turner Elementary School,,rkt@hrsb.ns.ca,141 Circassion Dr
2019,54,603,Rockingham Elementary School,,rockingham@hrce.ca,31 Tremont Dr
2019,54,609,Rockingstone Heights School,,rhes@hrce.ca,1 Regan Dr
2019,54,1187,Rocky Lake Junior High School,,rljh@hrsb.ns.ca,670 Rocky Lake Dr
2019,54,321,Ross Road School,,rrs@hrsb.ns.ca,336 Ross Rd
2019,54,311,Sackville Heights Elementary School,,shes@hrce.ca,1225 Old Sackville Rd
2019,54,303,Sackville Heights Junior High School,,shjh@hrce.ca,956 Sackville Dr
2019,54,297,Sackville High School,,shs@hrce.ca,1 Kingfisher Way
2019,54,581,Saint Mary's Elementary School,,stmarys@hrsb.ns.ca,5614 Morris St
2019,54,295,Sambro Elementary School,,ses@hrce.ca,3725 Old Sambro Rd
2019,54,941,Seaside Elementary School,,seaside@hrsb.ns.ca,1881 Caldwell Rd
2019,54,534,Shannon Park Elementary School,,spes@hrce.ca,75 Iroquois Dr
2019,54,287,Shatford Memorial Elementary School,,smes@hrsb.ns.ca,10089 St. Margaret's Bay Rd
2019,54,589,Sir Charles Tupper School,,tupper@hrce.ca,1930 Cambridge St
2019,54,277,Sir John A. Macdonald High School,,sja@hrsb.ns.ca,31 Scholars Rd
2019,54,320,Sir Robert Borden Junior High School,,srbjh@hrsb.ns.ca,16 Evergreen Dr
2019,54,355,Smokey Drive Elementary School,,sdes@hrsb.ns.ca,241 Smokey Dr
2019,54,535,South Woodside School,,swes@hrsb.ns.ca,5 Everette St
2019,54,593,Springvale Elementary School,,sprvale@hrce.ca,92 Downs Ave
2019,54,575,St. Agnes Junior High School,,stagnes@hrce.ca,6981 Mumford Rd
2019,54,577,St. Catherine's Elementary School,,stcath@hrsb.ns.ca,3299 Connolly St
2019,54,580,St. Joseph's-Alexander McKay Elementary School,,sjam@hrce.ca,5389 Russell St
2019,54,940,St. Margaret's Bay Elementary School,,smbe@hrsb.ns.ca,24 Ridgewood Dr
2019,54,586,St. Stephen's Elementary School,,sses@hrce.ca,3669 Highland Ave
2019,54,299,Sunnyside Elementary School,,sunnyside@hrce.ca,210 Eaglewood Dr
2019,54,307,Sycamore Lane Elementary School,,sles@hrsb.ns.ca,69 Sycamore Lane
2019,54,85,Tallahassee Community School,,tcs@hrsb.ns.ca,168 Redoubt Way
2019,54,1186,Tantallon Junior Elementary School,,tantallonjr@hrce.ca,1 French Village Stn Rd
2019,54,284,Tantallon Senior Elementary School,,tantallon@hrsb.ca,3 French Village Stn Rd
2019,54,349,Upper Musquodoboit Consolidated Elementary School,,umcs@hrsb.ns.ca,8416 Hwy 224
2019,54,1157,Waverley Memorial Elementary School,,wmlcs@hrce.ca,2393 Rocky Lake Dr
2019,54,591,Westmount Elementary School,,wmount@hrce.ca,6700 Edward Arab Ave
2019,54,294,William King Elementary School,,wkes@hrsb.ns.ca,91 St. Paul's Ave
2019,55,63,Aldershot Elementary School,,aes@avrce.ca,446 Aldershot Rd
2019,55,746,Annapolis East Elementary School,,aees@avrce.ca,PO Box 640
2019,55,133,Annapolis West Education Centre,,awec@avrce.ca,PO Box 399
2019,55,993,Avon View High School,,avhs@avrce.ca,PO Box 700
2019,55,75,Berwick and District School,,bads@avrce.ca,PO Box 40
2019,55,1192,Bridgetown Regional Community School,,brcs@avrce.ca,25 Cromwell Crt
2019,55,363,Brooklyn District Elementary School,,bdes@avrce.ca,8008 Hwy 14
2019,55,58,Cambridge and District Elementary School,,cads@avrce.ca,6113 Hwy 1
2019,55,67,Central Kings Rural High School,,ck@avrce.ca,6125 Hwy 1
2019,55,965,Champlain Elementary School,,ces@avrce.ca,PO Box 130
2019,55,141,Clark Rutherford Memorial School,,crms@avrce.ca,PO Box 70
2019,55,732,Coldbrook and District School,,cbds@avrce.ca,2305 English Mountain Rd
2019,55,366,Dr. Arthur Hines Elementary School,,dahes@avrce.ca,75 Musgrave Rd
2019,55,65,Dwight Ross Elementary School,,dres@avrce.ca,PO Box 1420
2019,55,753,Evangeline Middle School,,ems@avrce.ca,9387 Commercial St
2019,55,362,Falmouth District School,,fds@avrce.ca,PO Box 40
2019,55,60,Gaspereau Valley Elementary School,,gves@avrce.ca,2781 Greenfield Rd
2019,55,59,Glooscap Elementary School,,ges@avrce.ca,RR 5 1017 J Jordan Rd
2019,55,24,Hantsport School,,hs@avrce.ca,PO Box 392
2019,55,998,Highbury Education Centre,,hec@avrce.ca,26 Highbury Rd
2019,55,70,Horton High School,,hhs@avrce.ca,75 Greenwich Rd S
2019,55,1158,Kings County Academy,,kca@avrce.ca,35 Gary Pearl Dr
2019,55,379,Kings County Adult High School,,kcahs@avrce.ca,26 Highbury Rd
2019,55,62,Kingston and District School,,kingston@avrce.ca,PO Box 295
2019,55,61,L.E. Shaw Elementary School,,leses@avrce.ca,486 Oak Island Rd
2019,55,129,Lawrencetown Consolidated School,,lcs@avrce.ca,RR 1 10 Middle Rd
2019,55,1108,Lawrencetown Education Centre,,lec@avrce.ca,RR 1 10 Middle Rd
2019,55,712,Middleton Regional High School,,mrhs@avrce.ca,18 Gates Ave
2019,55,73,New Minas Elementary School,,nmes@avrce.ca,34 Jones Rd
2019,55,967,Northeast Kings Education Centre,,nkec@avrce.ca,1816 Bains Rd
2019,55,966,Pine Ridge Middle School,,prms@avrce.ca,625 Pine Ridge Ave
2019,55,72,Port Williams Elementary School,,pwes@avrce.ca,1261 Belcher St
2019,55,55,Somerset and District Elementary School,,sdes@avrce.ca,4339 Brooklyn St
2019,55,54,St. Mary's Elementary School,,smes@avrce.ca,PO Box 249
2019,55,360,Three Mile Plains District School,,tmpds@avrce.ca,RR2 4555 Hwy 1
2019,55,1110,West Hants Education Centre,,whec@avrce.ca,94 Wentworth Rd
2019,55,994,West Hants Middle School,,whms@avrce.ca,8009 Hwy 14
2019,55,71,West Kings District High School,,wkdhs@avrce.ca,1941 Hwy 1
2019,55,376,Windsor Adult High School,,wahs@avrce.ca,PO Box 369
2019,55,699,Windsor Elementary School,,wes@avrce.ca,PO Box 1057
2019,55,361,Windsor Forks District School,,wfds@avrce.ca,RR3 120 Sangster Bridge Rd
2019,55,81,Wolfville School,,ws@avrce.ca,19 Acadia St
2019,57,1155,Centre Scolaire de la Rive-Sud,,ers@csap.ca,"20, ch. Petite Évangéline"
2019,57,387,Centre scolaire Étoile de l'Acadie,,csea@csap.ca,"15, rue Inglis"
2019,57,145,École acadienne de Pomquet,,eap@csap.ca,"791, rue Taylor"
2019,57,433,École acadienne de Truro,,eat@csap.ca,"50, rue Aberdeen"
2019,57,947,École Beaubassin,,ebb@csap.ca,"54, boul. Larry Uteck"
2019,57,982,École Beau-Port,,ebp@csap.ca,CP 1500
2019,57,744,École Belleville,,eblv@csap.ca,CP 254
2019,57,948,École Bois-Joli,,ebj@csap.ca,"211, av. du Portage"
2019,57,1173,École des Beaux-Marais,,ebm@csap.ca,"5261, autoroute 7"
2019,57,68,École du Carrefour,,ecgh@csap.ca,"201A, av. du Portage"
2019,57,1188,École du Grand-Portage,,egp@csap.ca,"100, Stokil Dr"
2019,57,217,École Joseph-Dugas,,ejd@csap.ca,"450, ch. Patrice"
2019,57,1197,École Mer et Monde,,emm@csap.ca,"5750, rue Atlantic"
2019,57,378,École NDA,,enda@csap.ca,CP 100
2019,57,156,École Pubnico-Ouest,,epo@csap.ca,CP 40
2019,57,57,École Rose-des-Vents,,erdv@csap.ca,CP 119
2019,57,225,École secondaire de Clare,,esdc@csap.ca,"80, ch. Placide Comeau"
2019,57,980,École secondaire de Par-en-Bas,,espb@csap.ca,CP 178
2019,57,1152,École secondaire du Sommet,,ess@csap.ca,"500,  boul. Larry Uteck"
2019,57,219,École Stella-Maris,,esm@csap.ca,CP 408
2019,57,160,École Wedgeport,,ewdg@csap.ca,"44, ch. Ditcher"
2019,58,925,Aspotogan Consolidated Elementary School,,aces@ssrce.ca,105 Parkwood Dr
2019,58,926,Bayview Community School,,bcs@ssrce.ca,PO Box 160
2019,58,405,Big Tancook Elementary School,,btes@ssrce.ca,36 School Rd
2019,58,1156,Bluenose Academy,,ba@ssrce.ca,PO Box 1210
2019,58,509,Bridgewater Elementary School,,bes@ssrce.ca,130 York St
2019,58,508,Bridgewater Junior High School,,bjhs@ssrce.ca,100 York St
2019,58,216,Chester Area Middle School,,cams@ssrce.ca,PO Box 440
2019,58,207,Chester District Elementary School,,cdes@ssrce.ca,PO Box 368
2019,58,386,Dr. John C. Wickwire Academy,,djcwa@ssrce.ca,311 Port Mouton Rd
2019,58,80,Forest Heights Community School,,fhcs@ssrce.ca,PO Box 29
2019,58,1150,Greenfield Elementary School,,ges@ssrce.ca,5060 Hwy 210
2019,58,917,Hebbville Academy,,ha@ssrce.ca,16147 Hwy 3
2019,58,710,Liverpool Regional High School,,lrhs@ssrce.ca,PO Box 1266
2019,58,397,New Germany Elementary School,,nges@ssrce.ca,150 School St
2019,58,402,New Germany Rural High School,,ngrhs@ssrce.ca,44 School St
2019,58,214,New Ross Consolidated School,,nrcs@ssrce.ca,PO Box 10
2019,58,404,Newcombville Elementary School,,nes@ssrce.ca,4220 Hwy 325
2019,58,459,North Queens Community School,,nqcs@ssrce.ca,PO Box 184
2019,58,409,Park View Education Centre,,pvec@ssrce.ca,1485 King St
2019,58,400,Pentz Elementary School,,pes@ssrce.ca,PO Box 88
2019,58,401,Petite Rivière Elementary School,,pres@ssrce.ca,123 Wentzell Rd
2019,58,1185,South Queens Middle School,,sqms@ssrce.ca,PO Box 1288
2019,58,1171,SSRCE Adult High School,,ssilc@ssrce.ca,Box 1974
2019,58,1172,SSRCE Alternate Programs,,ssilc@ssrce.ca,45 School St
2019,58,394,West Northfield Elementary School,,wnes@ssrce.ca,6 Victoria Acres Dr
2019,59,167,Barrington Municipal High School,,bmhs@tcrce.ca,536 Oak Park Rd
2019,59,497,Carleton Consolidated School,,cces@tcrce.ca,4014 Hwy 340
2019,59,511,Clark's Harbour Elementary School,,ches@tcrce.ca,PO Box 130
2019,59,541,Digby Elementary School,,des@tcrce.ca,PO Box 1538
2019,59,257,Digby Neck Consolidated School,,dnces@tcrce.ca,RR1
2019,59,709,Digby Regional High School,,drhs@tcrce.ca,PO Box 1660
2019,59,981,Drumlin Heights Consolidated School,,dhcs@tcrce.ca,RR 1
2019,59,733,Evelyn Richardson Memorial Elementary School,,ermes@tcrce.ca,PO Box 160
2019,59,927,Forest Ridge Academy,,fra@tcrce.ca,PO Box 128
2019,59,79,Hillcrest Academy,,hia@tcrce.ca,PO Box 40
2019,59,259,Islands Consolidated School,,ics@tcrce.ca,PO Box 80
2019,59,624,Lockeport Elementary School,,les@tcrce.ca,PO Box 280
2019,59,711,Lockeport Regional High School,,lhs@tcrce.ca,PO Box 129
2019,59,410,Maple Grove Education Centre,,mgec@tcrce.ca,52 Grove Memorial Dr
2019,59,928,Meadowfields Community School,,mcs@tcrce.ca,106 Prospect St
2019,59,199,Plymouth School,,ps@tcrce.ca,RR 1 Arcadia
2019,59,498,Port Maitland Consolidated School,,pmces@tcrce.ca,3072 Hwy 1
2019,59,716,Shelburne Regional High School,,srhs@tcrce.ca,PO Box 10
2019,59,977,St. Mary's Bay Academy,,smba@tcrce.ca,RR 1
2019,59,256,Weymouth Consolidated School,,wcs@tcrce.ca,PO Box 400
2019,59,1178,Yarmouth Consolidated Memorial High School,,ycmhs@tcrce.ca,146 Forest St
2019,59,1199,Yarmouth Elementary School,,yes@tcrce.ca,5 Brunswick St
